岗位代码,批次,城市,招聘单位,工作部门,岗位职责,岗位等级,招聘人数,考生类别,学历要求,学位要求,专业要求(大专),专业要求(本科),专业要求(研究生),年龄,放宽年龄(硕士),工作经历,资格证书,职称要求,政治面貌,考试方式,专项招聘对象,户籍要求,其他条件,链接,主管单位,其他要求原文,咨询电话,入围面试比例,专业测试,其他说明,性别要求
1,2026-shishu,杭州,杭州市人大事务服务保障中心（市立法研究所、市人大代表联络总站）,立法研究,,专业技术 十级以下,1,,硕士研究生以上,硕士以上,,,法学理论专业；宪法学与行政法学专业；民商法学专业；经济法学专业；环境与资源保护法学专业；法律专业,38周岁以下,,具有2年以上工作经历,,,,笔试+面试,,,本科专业须为法学类专业,,杭州市人大常委会办公厅,"1.具有2年以上工作经历；
2.本科专业须为法学类专业。",0571-85250744,1：4,否,,
2,2026-shishu,杭州,杭州市人大事务服务保障中心（市立法研究所、市人大代表联络总站）,宣教展陈,,专业技术 十级以下,2,,本科以上,学士以上,,法学类；中国语言文学类；新闻传播学类；公共管理类,法学类；中国语言文学类；新闻传播学类；公共管理类,38周岁以下,,具有2年以上工作经历,,,,笔试+面试,,,,,杭州市人大常委会办公厅,"1.具有2年以上工作经历；
2.具有较强文字功底和沟通协调能力。",0571-85250725,1：4,否,具有较强文字功底和沟通协调能力,
3,2026-shishu,杭州,杭州市数字纪检监察应用研究所,工程管理,,专业技术 十级以下,2,,本科以上,学士以上,,计算机科学与技术类；计算机类；控制科学与工程类（限人工智能方向）；软件工程类（限人工智能方向）,计算机科学与技术类；计算机类；控制科学与工程类（限人工智能方向）；软件工程类（限人工智能方向）,38周岁以下,,,,,中共党员（含预备党员）,笔试+面试,,,,,中共杭州市纪律检查委员会、杭州市监察委员会,"1.中共党员（含预备党员）；
2.吃苦耐劳，能适应值班和加班等工作安排。",0571-85252711,1：4,否,吃苦耐劳，能适应值班和加班等工作安排,
4,2026-shishu,杭州,杭州市文化创意产业发展中心（杭州市动漫游戏产业发展中心）,产业管理,,专业技术 十级以下,1,招聘普通高校2026年应届毕业生,硕士研究生以上,硕士以上,,,经济学门类,38周岁以下,,,,,,笔试+面试,,,招聘普通高校2026年应届毕业生,,中共杭州市委宣传部,招聘普通高校2026年应届毕业生。,0571-85252824,1：4,否,,
5,2026-shishu,杭州,杭州智力运动中等专业学校,综合管理,,管理 九级以下,1,,硕士研究生以上,硕士以上,,,中国语言文学类；新闻传播学类,38周岁以下,,,,,中共党员（含预备党员）,笔试+面试,,,,,中共杭州市委宣传部,中共党员（含预备党员）。,0571-28891370,1：4,否,,
6,2026-shishu,杭州,杭州市网络安全应急指挥保障中心,互联网举报,,专业技术 十级以下,1,招聘普通高校2026年应届毕业生,本科以上,学士以上,,法学类,法学类,38周岁以下,,,,,中共党员（含预备党员）,笔试+面试,,,招聘普通高校2026年应届毕业生；对互联网有浓厚兴趣，有较强文字能力和较好的计算机操作水平,,中共杭州市委网络安全和信息化委员会办公室,"1.中共党员（含预备党员）；
2.招聘普通高校2026年应届毕业生；
3.对互联网有浓厚兴趣，有较强文字能力和较好的计算机操作水平；             
4.能吃苦，有奉献精神，能胜任夜间值班工作。",0571-85251679,1：4,否,能吃苦，有奉献精神，能胜任夜间值班工作,
7,2026-shishu,杭州,杭州市网络安全应急指挥保障中心,舆情监测,,专业技术 十级以下,1,招聘普通高校2026年应届毕业生,本科以上,学士以上,,计算机类；计算机科学与技术类；软件工程类；网络空间安全类,计算机类；计算机科学与技术类；软件工程类；网络空间安全类,38周岁以下,,,,,中共党员（含预备党员）,笔试+面试,,,招聘普通高校2026年应届毕业生；对互联网有浓厚兴趣，有较强文字能力和较好的计算机操作水平,,中共杭州市委网络安全和信息化委员会办公室,"1.中共党员（含预备党员）；
2.招聘普通高校2026年应届毕业生；
3.对互联网有浓厚兴趣，有较强文字能力和较好的计算机操作水平；             
4.能吃苦，有奉献精神，能胜任夜间值班工作。",0571-85251679,1：4,否,能吃苦，有奉献精神，能胜任夜间值班工作,
8,2026-shishu,杭州,杭州市网络安全应急指挥保障中心,舆情监测,,专业技术 十级以下,1,招聘普通高校2026年应届毕业生,本科以上,学士以上,,政治学类；社会学类；马克思主义理论类；中国语言文学类；新闻传播学类；哲学类；历史学类；中国史类；教育学类；公共管理类；工商管理类,政治学类；社会学类；马克思主义理论类；中国语言文学类；新闻传播学类；哲学类；历史学类；中国史类；教育学类；公共管理类；工商管理类,38周岁以下,,,,,中共党员（含预备党员）,笔试+面试,,,招聘普通高校2026年应届毕业生；对互联网有浓厚兴趣，有较强文字能力和较好的计算机操作水平,,中共杭州市委网络安全和信息化委员会办公室,"1.中共党员（含预备党员）；
2.招聘普通高校2026年应届毕业生；
3.对互联网有浓厚兴趣，有较强文字能力和较好的计算机操作水平；             
4.能吃苦，有奉献精神，能胜任夜间值班工作。",0571-85251679,1：4,否,能吃苦，有奉献精神，能胜任夜间值班工作,
9,2026-shishu,杭州,中共杭州市委社会工作部服务保障中心,信息宣传,,专业技术 八级以下,1,,硕士研究生以上,硕士以上,,,新闻传播学类；计算机科学与技术类,38周岁以下,,具有2年以上工作经历,,,中共党员（含预备党员）,笔试+面试,,,,,中共杭州市委社会工作部,"1.中共党员（含预备党员）；
2.具有2年以上工作经历。",0571-85259030,1：4,否,,
10,2026-shishu,杭州,杭州市政法综治服务保障中心,信息管理,,专业技术 八级以下,1,招聘普通高校2026年应届毕业生,硕士研究生以上,硕士以上,,,计算机科学与技术类；软件工程类,38周岁以下,,,,,中共党员（含预备党员）,笔试+面试,,,招聘普通高校2026年应届毕业生,,中共杭州市委政法委员会,"1.中共党员（含预备党员）；
2.招聘普通高校2026年应届毕业生。",0571-85252417,1：4,否,,
11,2026-shishu,杭州,杭州国际城市学研究中心,研究人员,,专业技术 十级以下,1,,博士研究生,博士,,,经济学类；法学类；历史学类；社会学类；公共管理类；中国语言文学类,38周岁以下,,,,,中共党员（含预备党员）,笔试+面试,,,具有承担纵横向课题跨学科研究、国家级课题申报、科研成果转化等研究能力,,杭州国际城市学研究中心,"1.中共党员（含预备党员）；
2.具有1年以上智库研究相关工作经历优先；
3.具有承担纵横向课题跨学科研究、国家级课题申报、科研成果转化等研究能力。",0571-85250980,1：4,否,具有1年以上智库研究相关工作经历优先,
12,2026-shishu,杭州,中国印学博物馆,展陈活动策划,,专业技术 十级以下,1,招聘普通高校2026年应届毕业生,硕士研究生以上,硕士以上,,,考古学类（限博物馆方向）；艺术学类（限中国画、书法、篆刻方向）；美术学类（限中国画、书法、篆刻方向）,38周岁以下,,,,,,笔试+面试,,,招聘普通高校2026年应届毕业生,,西泠印社社务委员会,招聘普通高校2026年应届毕业生。,0571-87975052,1：4,否,,
13,2026-shishu,杭州,杭州市中级人民法院审判保障中心,审判辅助,,专业技术 十一级以下,6,招聘普通高校2026年应届毕业生,硕士研究生以上,硕士以上,,,法学类,38周岁以下,,,须通过国家统一法律职业资格考试（或司法考试），取得A类法律职业资格证书,,,笔试+面试,,,招聘普通高校2026年应届毕业生,,浙江省杭州市中级人民法院,"1.须通过国家统一法律职业资格考试（或司法考试），取得A类法律职业资格证书；
2.招聘普通高校2026年应届毕业生。",0571-89585402,1：3,否,,男
14,2026-shishu,杭州,杭州市中级人民法院审判保障中心,审判辅助,,专业技术 十一级以下,6,招聘普通高校2026年应届毕业生,硕士研究生以上,硕士以上,,,法学类,38周岁以下,,,须通过国家统一法律职业资格考试（或司法考试），取得A类法律职业资格证书,,,笔试+面试,,,招聘普通高校2026年应届毕业生,,浙江省杭州市中级人民法院,"1.须通过国家统一法律职业资格考试（或司法考试），取得A类法律职业资格证书；
2.招聘普通高校2026年应届毕业生。",0571-89585402,1：3,否,,女
15,2026-shishu,杭州,杭州市中级人民法院审判保障中心,审判辅助,,专业技术 十一级以下,2,,硕士研究生以上,硕士以上,,,法学类,38周岁以下,,,须通过国家统一法律职业资格考试（或司法考试），取得A类法律职业资格证书,,,笔试+面试,,,,,浙江省杭州市中级人民法院,须通过国家统一法律职业资格考试（或司法考试），取得A类法律职业资格证书。,0571-89585402,1：4,否,,
16,2026-shishu,杭州,杭州市职工服务中心（杭州市职工技术协作中心）,综合管理,,管理 九级以下,1,,本科以上,学士以上,,中国语言文学类；统计学类；公共管理类；工商管理类,中国语言文学类；统计学类；公共管理类；工商管理类,38周岁以下,,具有2年以上工作经历,,,中共党员（含预备党员）,笔试+面试,,,,,杭州市总工会,"1.中共党员（含预备党员）；
2.具有2年以上工作经历；
3.具有较强的组织协调能力、沟通交流能力、文字写作能力。",0571-87609239,1：4,否,具有较强的组织协调能力、沟通交流能力、文字写作能力,
17,2026-shishu,杭州,杭州市总工会干部学校（杭州市工人业余大学）,教育培训师,,专业技术 十二级以下,1,招聘普通高校2026年应届毕业生,硕士研究生以上,硕士以上,,,马克思主义理论类；政治学类；新闻传播学类；美术学类,38周岁以下,,,,,,笔试+面试,,,招聘普通高校2026年应届毕业生,,杭州市总工会,招聘普通高校2026年应届毕业生。,0571-87019426,1：4,否,,
18,2026-shishu,杭州,杭州市团校（杭州青年运动史馆）,综合管理,,专业技术 十级以下,1,,硕士研究生以上,硕士以上,,,哲学类；理论经济学类；统计学类；法学类；政治学类；社会学类；马克思主义理论类；教育学类；心理学类；中国史类,38周岁以下,,,,,中共党员（含预备党员）,笔试+面试,,,,,共青团杭州市委员会,"1.中共党员（含预备党员）；
2.具有良好心理素质和较强的协调沟通能力和文字表达能力，爱岗敬业，吃苦耐劳，工作责任心强。",0571-87778239,1：4,否,具有良好心理素质和较强的协调沟通能力和文字表达能力，爱岗敬业，吃苦耐劳，工作责任心强,女
19,2026-shishu,杭州,杭州市团校（杭州青年运动史馆）,综合管理,,专业技术 十级以下,1,,硕士研究生以上,硕士以上,,,哲学类；理论经济学类；统计学类；法学类；政治学类；社会学类；马克思主义理论类；教育学类；心理学类；中国史类,38周岁以下,,,,,中共党员（含预备党员）,笔试+面试,,,,,共青团杭州市委员会,"1.中共党员（含预备党员）；
2.具有良好心理素质和较强的协调沟通能力和文字表达能力，爱岗敬业，吃苦耐劳，工作责任心强。",0571-87778239,1：4,否,具有良好心理素质和较强的协调沟通能力和文字表达能力，爱岗敬业，吃苦耐劳，工作责任心强,男
20,2026-shishu,杭州,杭州市妇女活动中心（杭州市婚姻家庭指导服务中心）,市场推广,,专业技术 十级以下,1,,本科以上,学士以上,,工商管理类（限市场营销方向）,工商管理类（限市场营销方向）,38周岁以下,,具有2年以上相关工作经历,,,,笔试+面试,,,面试时需测试专业知识,,杭州市妇女联合会,"1.具有2年以上相关工作经历；
2.具有较强的语言文字表达和沟通协调能力；
3.综合素质好，工作责任心强，具有较强的市场敏感度和创新意识；
4.面试时需测试专业知识。",0571-88892600,1：4,是,具有较强的语言文字表达和沟通协调能力；综合素质好，工作责任心强，具有较强的市场敏感度和创新意识,
21,2026-shishu,杭州,杭州低碳科技馆（中国杭州低碳科技馆）,项目主管,,专业技术 十级以下,1,招聘普通高校2026年应届毕业生,硕士研究生以上,硕士以上,,,戏剧与影视学类（限播音、主持、表演方向）,38周岁以下,,,,,,笔试+面试,,,招聘普通高校2026年应届毕业生,,杭州市科学技术协会,"1.招聘普通高校2026年应届毕业生；
2.具有较强的文字表达和沟通协调能力。",0571-87119528,1：4,否,具有较强的文字表达和沟通协调能力,
22,2026-shishu,杭州,杭州市残疾人托管中心,综合管理,,专业技术 八级以下,1,,本科以上,学士以上,,公共管理类（限养老服务管理方向）；社会学类（限社会工作方向）；护理学类（限护理学、护理方向）,公共管理类（限养老服务管理方向）；社会学类（限社会工作方向）；护理学类（限护理学、护理方向）,38周岁以下,,具有2年以上工作经历,,,,笔试+面试,,,,,杭州市残疾人联合会,具有2年以上工作经历。,0571-56922005,1：4,否,,
23,2026-shishu,杭州,杭州市发展规划研究院（杭州市政府和社会资本合作中心、杭州市价格认证中心）,经济研究,,专业技术 十级以下,2,,硕士研究生以上,硕士以上,,,理论经济学类；应用经济学类；统计学类；工商管理类,38周岁以下,,,,,,笔试+面试,,,,,杭州市发展和改革委员会,具有较强的分析解决问题能力和语言文字表达能力。,0571-85253758,1：4,否,具有较强的分析解决问题能力和语言文字表达能力,
24,2026-shishu,杭州,杭州市经济信息中心（杭州市信用中心）,人工智能研究,,专业技术 八级以下,2,,硕士研究生以上,硕士以上,,,计算机科学与技术类；控制科学与工程类；软件工程类；数学类；生物学类（限生物医药方向）,38周岁以下,,,,,,笔试+面试,,,,,杭州市发展和改革委员会,具有较强的分析解决问题能力和较高的探索创新能力。,0571-85252365,1：4,否,具有较强的分析解决问题能力和较高的探索创新能力,
25,2026-shishu,杭州,杭州市经济信息中心（杭州市信用中心）,经济研究,,专业技术 八级以下,1,,硕士研究生以上,硕士以上,,,理论经济学类；应用经济学类；统计学类,38周岁以下,,,,,,笔试+面试,,,,,杭州市发展和改革委员会,具有较强的分析解决问题能力和语言文字表达能力。,0571-85252365,1：4,否,具有较强的分析解决问题能力和语言文字表达能力,
26,2026-shishu,杭州,杭州市工业和数字经济研究院,产业研究岗1,,专业技术 十一级以下,1,,硕士研究生以上,硕士以上,,,电子科学与技术类；信息与通信工程类,38周岁以下,,具有2年以上产业研究、规划编制等相关工作经历,,,,笔试+面试,,,具备一定的研究分析、课题调研、工作报告等相关综合文字材料起草经验（资格复审时需提供有关证明材料）,,杭州市经济和信息化局（市数字经济局）,"1.具有2年以上产业研究、规划编制等相关工作经历；
2.具备一定的研究分析、课题调研、工作报告等相关综合文字材料起草经验（资格复审时需提供有关证明材料）。",0571-85257177,1：4,否,,
27,2026-shishu,杭州,杭州市工业和数字经济研究院,产业研究岗2,,专业技术 十一级以下,1,招聘普通高校2026年应届毕业生,硕士研究生以上,硕士以上,,,计算机科学与技术类；软件工程类,38周岁以下,,,,,,笔试+面试,,,招聘普通高校2026年应届毕业生；本科阶段专业相符的也可报考,,杭州市经济和信息化局（市数字经济局）,"1.招聘普通高校2026年应届毕业生；
2.本科阶段专业相符的也可报考。",0571-85257177,1：4,否,,
28,2026-shishu,杭州,杭州第二中学高新学校,校医,,专业技术 七级以下,1,,本科以上,学士以上,,临床医学类；基础医学类,临床医学类；基础医学类,38周岁以下,,具有1年以上相关工作经历,具有执业医师资格（全科、内科）,,,笔试+面试,,,,,杭州市教育局,"1.具有执业医师资格（全科、内科）；
2.具有1年以上相关工作经历；
3.有较好的沟通能力和亲和力；
4.需承担轮值夜班工作。",0571-87677219,1：4,否,有较好的沟通能力和亲和力；需承担轮值夜班工作,
29,2026-shishu,杭州,杭州第二中学高新学校,综合管理1,,专业技术 七级以下,1,,本科以上,学士以上,,会计专业；会计学专业；财务管理专业；应用统计学专业；审计学专业；经济学专业,会计专业；会计学专业；财务管理专业；应用统计学专业；审计学专业；经济学专业,38周岁以下,,具有1年以上相关工作经历,,,,笔试+面试,,,,,杭州市教育局,"1.熟练掌握各类财务软件，具有较强的财务分析能力；
2.熟练掌握办公软件的应用，具有较强的计算机操作能力和文字处理能力；
3.具有1年以上相关工作经历。",0571-87677219,1：4,否,熟练掌握各类财务软件，具有较强的财务分析能力；熟练掌握办公软件的应用，具有较强的计算机操作能力和文字处理能力,
30,2026-shishu,杭州,杭州第二中学高新学校,综合管理2,,专业技术 七级以下,1,,本科以上,学士以上,,图书情报与档案管理类,图书情报与档案管理类,38周岁以下,,,,,中共党员（含预备党员）,笔试+面试,,,熟悉图书馆数据库管理工作,,杭州市教育局,"1.中共党员（含预备党员）；
2.具有较强的语言文字表达和沟通能力；
3.熟练掌握办公软件的应用，有较强的计算机操作能力和文字处理能力；
4.熟悉图书馆数据库管理工作。",0571-87677219,1：4,否,具有较强的语言文字表达和沟通能力；熟练掌握办公软件的应用，有较强的计算机操作能力和文字处理能力,
31,2026-shishu,杭州,杭州第二中学高新学校,综合管理3,,专业技术 七级以下,1,,本科以上,学士以上,,中国语言文学类；档案管理专业；行政管理专业；人力资源管理专业；信息管理与信息系统专业；秘书学专业；新闻学专业,中国语言文学类；档案管理专业；行政管理专业；人力资源管理专业；信息管理与信息系统专业；秘书学专业；新闻学专业,38周岁以下,,,,,中共党员（含预备党员）,笔试+面试,,,具有官方新媒体平台的运营管理工作能力,,杭州市教育局,"1.中共党员（含预备党员）；
2.具有官方新媒体平台的运营管理工作能力；
3.具有较强的语言文字表达和沟通能力；
4.熟练掌握办公软件的应用，有较强的计算机操作能力和文字处理能力。",0571-87677219,1：4,否,具有较强的语言文字表达和沟通能力；熟练掌握办公软件的应用，有较强的计算机操作能力和文字处理能力,
32,2026-shishu,杭州,杭州第二中学高新学校,综合管理4,,专业技术 七级以下,1,,本科以上,学士以上,,统计学类；计算机类；公共管理类,统计学类；计算机类；公共管理类,38周岁以下,,,,,,笔试+面试,,,,,杭州市教育局,"1.具有较强的语言文字表达和沟通能力；
2.熟练掌握办公软件的应用，有较强的计算机操作能力、数据分析能力及文字处理能力。",0571-87677219,1：4,否,具有较强的语言文字表达和沟通能力；熟练掌握办公软件的应用，有较强的计算机操作能力、数据分析能力及文字处理能力,
33,2026-shishu,杭州,杭州第二中学高新学校,综合管理5,,专业技术 七级以下,1,,本科以上,学士以上,,电子信息科学与技术专业；电气工程与智能控制专业；智能制造工程专业；电子信息工程专业；电气工程及其自动化专业；电子科学与技术专业；智能装备与系统专业；物联网工程专业；电子与计算机工程专业,电子信息科学与技术专业；电气工程与智能控制专业；智能制造工程专业；电子信息工程专业；电气工程及其自动化专业；电子科学与技术专业；智能装备与系统专业；物联网工程专业；电子与计算机工程专业,38周岁以下,,,,,,笔试+面试,,,,,杭州市教育局,"1.具有较强的语言文字表达和沟通能力；
2.熟练掌握办公软件的应用，有较强的计算机操作能力和文字处理能力。",0571-87677219,1：4,否,具有较强的语言文字表达和沟通能力；熟练掌握办公软件的应用，有较强的计算机操作能力和文字处理能力,
34,2026-shishu,杭州,杭州高级中学临平学校,综合管理1,,专业技术 七级以下,1,,本科以上,学士以上,,会计专业；会计学专业；财务管理专业；金融管理专业,会计专业；会计学专业；财务管理专业；金融管理专业,38周岁以下,,具有1年以上相关工作经历,,,,笔试+面试,,,,,杭州市教育局,"1.具有1年以上相关工作经历；
2.具有较强的语言文字表达、沟通能力，熟练掌握办公软件的应用；
3.有较强的计算机操作能力和文字处理能力。",0571-56611051,1：4,否,具有较强的语言文字表达、沟通能力，熟练掌握办公软件的应用；有较强的计算机操作能力和文字处理能力,
35,2026-shishu,杭州,杭州高级中学临平学校,综合管理2,,专业技术 七级以下,1,,本科以上,学士以上,,计算机类；电子信息类；计算机科学与技术类；电子科学与技术类；信息与通信工程类,计算机类；电子信息类；计算机科学与技术类；电子科学与技术类；信息与通信工程类,38周岁以下,,,,,,笔试+面试,,,熟练掌握办公软件的应用,,杭州市教育局,"1.熟练掌握办公软件的应用；
2.具有较强的计算机软硬件维护操作及网络应用管理能力；
3.吃苦耐劳，能适应部分登高作业及适当的体力劳动。",0571-56611051,1：4,否,具有较强的计算机软硬件维护操作及网络应用管理能力；吃苦耐劳，能适应部分登高作业及适当的体力劳动,
36,2026-shishu,杭州,杭州学军中学桐庐学校,综合管理,,专业技术 七级以下,1,,本科以上,学士以上,,统计学类；图书情报与档案管理类,统计学类；图书情报与档案管理类,38周岁以下,,,,具有中级及以上相关职称,,笔试+面试,,,,,杭州市教育局,"1.具有较强的语言文字表达、沟通能力，熟练掌握办公软件的应用，有较强的计算机操作能力和文字处理能力；
2.具有中级及以上相关职称；
3.具有相关高级职称者，年龄可放宽到40周岁。",0571-69807199,1：4,否,具有较强的语言文字表达、沟通能力，熟练掌握办公软件的应用，有较强的计算机操作能力和文字处理能力,
37,2026-shishu,杭州,杭州第九中学树范学校,综合管理1,,专业技术 七级以下,1,,本科以上,学士以上,,中国语言文学类；档案管理专业；行政管理专业；信息管理与信息系统专业；秘书学专业；新媒体技术专业；计算机类,中国语言文学类；档案管理专业；行政管理专业；信息管理与信息系统专业；秘书学专业；新媒体技术专业；计算机类,38周岁以下,,,,,中共党员（含预备党员）,笔试+面试,,,,,杭州市教育局,"1.中共党员（含预备党员）；
2.具有较强的语言文字表达和沟通能力；
3.熟练掌握办公软件的应用，有较强的计算机操作能力和文字处理能力。","0571-87769946
0571-86046266",1：4,否,具有较强的语言文字表达和沟通能力；熟练掌握办公软件的应用，有较强的计算机操作能力和文字处理能力,
38,2026-shishu,杭州,杭州第九中学树范学校,综合管理2,,专业技术 七级以下,1,招聘普通高校2026年应届毕业生,本科以上,学士以上,,计算机科学与技术专业；网络工程专业；网络工程技术专业；信息安全专业；网络空间安全专业,计算机科学与技术专业；网络工程专业；网络工程技术专业；信息安全专业；网络空间安全专业,38周岁以下,,,,,,笔试+面试,,,招聘普通高校2026年应届毕业生,,杭州市教育局,"1.招聘普通高校2026年应届毕业生；
2.有较强的沟通和表达能力。","0571-87769946
0571-86046266",1：4,否,有较强的沟通和表达能力,
39,2026-shishu,杭州,杭州师范大学附属第二中学,校医,,专业技术 七级以下,1,,本科以上,学士以上,,临床医学类；基础医学类；护理学类,临床医学类；基础医学类；护理学类,38周岁以下,,,具有执业医师资格（内科、全科）或执业护士资格,,,笔试+面试,,,,,杭州市教育局,"1.具有执业医师资格（内科、全科）或执业护士资格；
2.有较好的沟通能力和亲和力；
3.需承担轮值夜班工作。","0571-89963188
0571-89963055",1：4,否,有较好的沟通能力和亲和力；需承担轮值夜班工作,
40,2026-shishu,杭州,杭州市长河第二高级中学,综合管理1,,专业技术 七级以下,2,,本科以上,学士以上,,会计学专业；财务管理专业；金融管理专业；统计学专业；经济学专业；审计学专业,会计学专业；财务管理专业；金融管理专业；统计学专业；经济学专业；审计学专业,38周岁以下,,,,,,笔试+面试,,,,,杭州市教育局,"1.具有较强的语言文字表达、沟通能力；
2.熟练掌握办公软件的应用，有较强的计算机操作能力和文字处理能力。",0571-86603360,1：4,否,具有较强的语言文字表达、沟通能力；熟练掌握办公软件的应用，有较强的计算机操作能力和文字处理能力,
41,2026-shishu,杭州,杭州市长河第二高级中学,校医,,专业技术 七级以下,2,,本科以上,学士以上,,临床医学类；基础医学类；护理学类,临床医学类；基础医学类；护理学类,38周岁以下,,,具有执业医师资格（内科、全科）或执业护士资格,,,笔试+面试,,,,,杭州市教育局,"1.具有执业医师资格（内科、全科）或执业护士资格；
2.寄宿制学校需安排女生寝室轮值夜班。",0571-86603360,1：4,否,寄宿制学校需安排女生寝室轮值夜班,女
42,2026-shishu,杭州,杭州市长河第二高级中学,综合管理2,,专业技术 七级以下,1,,本科以上,学士以上,,统计学类；计算机类；公共管理类,统计学类；计算机类；公共管理类,38周岁以下,,,,,,笔试+面试,,,,,杭州市教育局,"1.具有较强的语言文字表达、沟通能力；
2.熟练掌握办公软件的应用，有较强的计算机操作能力和文字处理能力。",0571-86603360,1：4,否,具有较强的语言文字表达、沟通能力；熟练掌握办公软件的应用，有较强的计算机操作能力和文字处理能力,
43,2026-shishu,杭州,杭州市长河第二高级中学,综合管理3,,专业技术 七级以下,1,,本科以上,学士以上,,图书情报与档案管理类,图书情报与档案管理类,38周岁以下,,,,,,笔试+面试,,,,,杭州市教育局,具有较强的网络检索能力、英语和科技素养，熟悉图书馆数据库管理工作。,0571-86603360,1：4,否,具有较强的网络检索能力、英语和科技素养，熟悉图书馆数据库管理工作,
44,2026-shishu,杭州,杭州市源清第二高级中学,综合管理1,,专业技术 七级以下,1,,本科以上,学士以上,,会计学专业；财务管理专业；金融管理专业；统计学专业；经济学专业；审计学专业,会计学专业；财务管理专业；金融管理专业；统计学专业；经济学专业；审计学专业,38周岁以下,,,,,,笔试+面试,,,,,杭州市教育局,"1.具有较强的语言文字表达和沟通能力；
2.熟练掌握办公软件的应用，有较强的计算机操作能力和文字处理能力。",0571-88331128,1：4,否,具有较强的语言文字表达和沟通能力；熟练掌握办公软件的应用，有较强的计算机操作能力和文字处理能力,
45,2026-shishu,杭州,杭州市源清第二高级中学,综合管理2,,专业技术 七级以下,1,,本科以上,学士以上,,统计学类；计算机类；公共管理类,统计学类；计算机类；公共管理类,38周岁以下,,,,,,笔试+面试,,,,,杭州市教育局,"1.具有较强的语言文字表达和沟通能力；
2.熟练掌握办公软件的应用，有较强的计算机操作能力和文字处理能力。",0571-88331128,1：4,否,具有较强的语言文字表达和沟通能力；熟练掌握办公软件的应用，有较强的计算机操作能力和文字处理能力,
46,2026-shishu,杭州,杭州市源清第二高级中学,综合管理3,,专业技术 七级以下,1,,本科以上,学士以上,,电子信息科学与技术专业；电气工程与智能控制专业；智能制造工程专业；电子信息工程专业；电气工程及其自动化专业；电子科学与技术专业；智能装备与系统专业；物联网工程专业；电子与计算机工程专业,电子信息科学与技术专业；电气工程与智能控制专业；智能制造工程专业；电子信息工程专业；电气工程及其自动化专业；电子科学与技术专业；智能装备与系统专业；物联网工程专业；电子与计算机工程专业,38周岁以下,,,,,,笔试+面试,,,,,杭州市教育局,"1.具有较强的计算机硬件维护操作和网络应用管理能力；
2.熟练掌握办公软件的应用，有较强的计算机操作能力和文字处理能力。",0571-88331128,1：4,否,具有较强的计算机硬件维护操作和网络应用管理能力；熟练掌握办公软件的应用，有较强的计算机操作能力和文字处理能力,
47,2026-shishu,杭州,杭州市源清第二高级中学,校医,,专业技术 七级以下,1,,本科以上,学士以上,,临床医学类；基础医学类,临床医学类；基础医学类,38周岁以下,,,具有执业医师资格（全科、内科）,,,笔试+面试,,,,,杭州市教育局,"1.具有执业医师资格（全科、内科）；
2.有较好的沟通能力和亲和力；
3.需承担轮值夜班工作。",0571-88331128,1：4,否,有较好的沟通能力和亲和力；需承担轮值夜班工作,
48,2026-shishu,杭州,浙江大学附属中学实验学校,综合管理1,,专业技术 七级以下,1,,本科以上,学士以上,,图书情报与档案管理类；信息管理与信息系统专业,图书情报与档案管理类；信息管理与信息系统专业,38周岁以下,,,,,中共党员（含预备党员）,笔试+面试,,,,,杭州市教育局,"1.中共党员（含预备党员）；
2.具有较强的语言文字表达、沟通能力；
3.熟练掌握办公软件的应用，有较强的计算机操作能力和文字处理能力。",0571-87981192,1：4,否,具有较强的语言文字表达、沟通能力；熟练掌握办公软件的应用，有较强的计算机操作能力和文字处理能力,
49,2026-shishu,杭州,浙江大学附属中学实验学校,综合管理2,,专业技术 七级以下,1,,本科以上,学士以上,,新闻学专业；汉语言文学专业；汉语言专业；应用语言学专业；汉语言文字学专业；语言学及应用语言学专业；行政管理专业；秘书学专业；统计学专业；信息管理与信息系统专业；人力资源管理专业；档案学专业,新闻学专业；汉语言文学专业；汉语言专业；应用语言学专业；汉语言文字学专业；语言学及应用语言学专业；行政管理专业；秘书学专业；统计学专业；信息管理与信息系统专业；人力资源管理专业；档案学专业,38周岁以下,,,,,中共党员（含预备党员）,笔试+面试,,,,,杭州市教育局,"1.中共党员（含预备党员）；
2.具有较强的语言文字表达、沟通能力；
3.熟练掌握办公软件的应用，有较强的计算机操作能力和文字处理能力。",0571-87981192,1：4,否,具有较强的语言文字表达、沟通能力；熟练掌握办公软件的应用，有较强的计算机操作能力和文字处理能力,
50,2026-shishu,杭州,浙江大学附属中学实验学校,综合管理3,,专业技术 七级以下,2,,本科以上,学士以上,,会计学专业；财务管理专业；财务会计教育专业；经济统计学专业；审计学专业,会计学专业；财务管理专业；财务会计教育专业；经济统计学专业；审计学专业,38周岁以下,,具有2年以上相关工作经历,,,,笔试+面试,,,熟练掌握各类财务软件,,杭州市教育局,"1.熟练掌握各类财务软件；具有较强的财务分析能力；
2.熟练掌握办公软件的应用，具有较强的计算机操作能力和文字处理能力；
3.具有2年以上相关工作经历。",0571-87981192,1：4,否,具有较强的财务分析能力；熟练掌握办公软件的应用，具有较强的计算机操作能力和文字处理能力,
51,2026-shishu,杭州,浙江大学附属中学实验学校,综合管理4,,专业技术 七级以下,1,,本科以上,学士以上,,统计学类；计算机类；档案学专业；信息资源管理专业；大数据管理与应用专业；信息管理与信息系统专业,统计学类；计算机类；档案学专业；信息资源管理专业；大数据管理与应用专业；信息管理与信息系统专业,38周岁以下,,,,,,笔试+面试,,,,,杭州市教育局,"1.具有较强的语言文字表达、沟通能力；
2.熟练掌握办公软件的应用，有较强的计算机操作能力和文字处理能力。",0571-87981192,1：4,否,具有较强的语言文字表达、沟通能力；熟练掌握办公软件的应用，有较强的计算机操作能力和文字处理能力,
52,2026-shishu,杭州,浙江大学附属中学实验学校,综合管理5,,专业技术 七级以下,1,,本科以上,学士以上,,计算机类；电子信息类；计算机科学与技术类；电子科学与技术类；信息与通信工程类,计算机类；电子信息类；计算机科学与技术类；电子科学与技术类；信息与通信工程类,38周岁以下,,,,,,笔试+面试,,,熟练掌握办公软件的应用,,杭州市教育局,"1.熟练掌握办公软件的应用；
2.具有较强的计算机硬件维护操作及网络应用管理能力。",0571-87981192,1：4,否,具有较强的计算机硬件维护操作及网络应用管理能力,
53,2026-shishu,杭州,浙江大学附属中学实验学校,校医,,专业技术 七级以下,2,,本科以上,学士以上,,临床医学类；基础医学类；护理学类,临床医学类；基础医学类；护理学类,38周岁以下,,,具有执业医师资格（内科、全科）,,,笔试+面试,,,,,杭州市教育局,"1.具有执业医师资格（内科、全科）；
2.有较好的沟通能力和亲和力；
3.需承担轮值夜班工作。",0571-87981192,1：4,否,有较好的沟通能力和亲和力；需承担轮值夜班工作,
54,2026-shishu,杭州,杭州市教育考试院,考试管理,,专业技术 七级以下,1,,硕士研究生以上,硕士以上,,,计算机科学与技术类,38周岁以下,,,,,,笔试+面试,,,工作性质需节假日经常轮班；面试前需进行心理测试,,杭州市教育局,"1.工作性质需节假日经常轮班；
2.面试前需进行心理测试。",0571-85866678,1：4,是,,
55,2026-shishu,杭州,杭州市科技创新服务中心,科技创新服务岗,,专业技术 十级以下,2,,硕士研究生以上,硕士以上,,,电子科学与技术类；信息与通信工程类；控制科学与工程类；计算机科学与技术类,38周岁以下,,,,,,笔试+面试,,,,,杭州市科技局,无,0571-85255655,1：4,否,,
56,2026-shishu,杭州,杭州市科技信息研究院,科技绩效评价岗,,专业技术 十级以下,1,,硕士研究生以上,硕士以上,,,统计学类；应用经济学类；数学类,38周岁以下,,,,,,笔试+面试,,,,,杭州市科技局,无,0571-85255655,1：4,否,,
57,2026-shishu,杭州,下属事业单位,综合管理1,,专业技术 八级以下,1,招聘普通高校2026年应届毕业生,本科以上,学士以上,,专业不限,专业不限,38周岁以下,,,,,中共党员(含预备党员),笔试+面试,,,招聘普通高校2026年应届毕业生,,杭州市民族宗教事务局,"1.招聘普通高校2026年应届毕业生；
2.中共党员(含预备党员)；
3.安排至所属事业单位工作，能适应经常性加班和节假日值班。","0571-85256877
0571-85256851",1：4,否,安排至所属事业单位工作，能适应经常性加班和节假日值班,
58,2026-shishu,杭州,下属事业单位,综合管理2,,专业技术 八级以下,1,招聘普通高校2026年应届毕业生,硕士研究生以上,硕士以上,,,专业不限,38周岁以下,,,,,中共党员(含预备党员),笔试+面试,,,招聘普通高校2026年应届毕业生,,杭州市民族宗教事务局,"1.招聘普通高校2026年应届毕业生；
2.中共党员(含预备党员)；
3.安排至所属事业单位工作，能适应经常性加班和节假日值班。","0571-85256877
0571-85256851",1：4,否,安排至所属事业单位工作，能适应经常性加班和节假日值班,
59,2026-shishu,杭州,杭州市人民警察学校（杭州市警务技术保障中心）,电子物证,,专业技术 八级以下,1,,本科以上,学士以上,,软件工程专业；网络空间安全专业；网络安全与执法专业,软件工程专业；网络空间安全专业；网络安全与执法专业,35周岁以下,,,,,,笔试+面试,,,具有一定的电子数据勘验能力；具有扎实的编程基础，熟练掌握至少一种主流编程语言，如 Python、Java、C++ 等，能够独立完成编程任务；有数据库开发和管理经验，熟悉至少一种数据库管理系统，如 MySQL、Oracle、SQL Server 等，能够进行数据库设计、开发和优化,,杭州市公安局,"1.具有较强的分析解决问题能力和语言文字表达能力；具有一定的电子数据勘验能力；
2.能吃苦，有奉献精神，能适应夜间和节假日值班加班等工作安排；                  
3.具有扎实的编程基础，熟练掌握至少一种主流编程语言，如 Python、Java、C++ 等，能够独立完成编程任务；有数据库开发和管理经验，熟悉至少一种数据库管理系统，如 MySQL、Oracle、SQL Server 等，能够进行数据库设计、开发和优化。",0571-87282795,1：4,否,具有较强的分析解决问题能力和语言文字表达能力；能吃苦，有奉献精神，能适应夜间和节假日值班加班等工作安排,男
60,2026-shishu,杭州,杭州市人民警察学校（杭州市警务技术保障中心）,信息安全,,专业技术 八级以下,1,,本科以上,学士以上,,信息安全专业；网络空间安全专业；计算机科学与技术专业；软件工程专业；网络工程专业；通信工程专业；信息与通信工程专业；电子与计算机工程专业；区块链工程专业；物联网工程专业；传播学专业,信息安全专业；网络空间安全专业；计算机科学与技术专业；软件工程专业；网络工程专业；通信工程专业；信息与通信工程专业；电子与计算机工程专业；区块链工程专业；物联网工程专业；传播学专业,35周岁以下,,,,,,笔试+面试,,,,,杭州市公安局,"1.具有较强的语言文字表达能力，熟练使用图片和视频编辑软件；
2.能吃苦，有奉献精神，能适应夜间和节假日值班加班等工作安排。",0571-87288812,1：4,否,具有较强的语言文字表达能力，熟练使用图片和视频编辑软件；能吃苦，有奉献精神，能适应夜间和节假日值班加班等工作安排,
61,2026-shishu,杭州,杭州市公安局安康医院,男病区护士,,专业技术 十二级以下,2,,本科以上,学士以上,,护理学专业,护理学专业,30周岁以下,,,,,,笔试+面试,,,符合人民警察招录条件；男病区工作；通过人民警察录用体能测试及心理测试,,杭州市公安局,"1.符合人民警察招录条件；                      
2.男病区工作；
3.通过人民警察录用体能测试及心理测试。",0571-88797571,1：4,是,,男
62,2026-shishu,杭州,杭州市公安局安康医院,检验技术,,专业技术 十二级以下,1,,本科以上,学士以上,,医学检验技术专业,医学检验技术专业,30周岁以下,,,,,,笔试+面试,,,符合人民警察招录条件；通过人民警察录用体能测试及心理测试,,杭州市公安局,"1.符合人民警察招录条件；                      
2.通过人民警察录用体能测试及心理测试。",0571-88797571,1：4,是,,
63,2026-shishu,杭州,杭州市民政事业发展中心（杭州市慈善总会秘书处、杭州市低收入家庭认定指导中心）,综合文字,,专业技术 十级以下,1,,硕士研究生以上,硕士以上,,,汉语言文字学专业；新闻传播学专业；新闻学专业；社会学专业,38周岁以下,,,,,,笔试+面试,,,,,杭州市民政局,无,0571-89586414,1：4,否,,
64,2026-shishu,杭州,杭州市民政事业发展中心（杭州市慈善总会秘书处、杭州市低收入家庭认定指导中心）,综合管理,,管理 九级以下,1,,硕士研究生以上,硕士以上,,,法学类,38周岁以下,,,须通过国家统一法律职业资格考试，获得法律职业资格证书,,,笔试+面试,,,,,杭州市民政局,须通过国家统一法律职业资格考试，获得法律职业资格证书。,0571-89586414,1：4,否,,
65,2026-shishu,杭州,杭州市福利彩票发行中心,综合管理,,管理 九级以下,1,,硕士研究生以上,硕士以上,,,会计专业；会计学专业；审计专业；审计学专业,38周岁以下,,有2年以上财务相关工作经历,具备中级及以上会计或审计专业技术资格证书,,,笔试+面试,,,,,杭州市民政局,"1.有2年以上财务相关工作经历；
2.具备中级及以上会计或审计专业技术资格证书。",0571-88390807,1：4,否,,
66,2026-shishu,杭州,杭州市第一社会福利院（杭州市精神病人社会福利院）,社工,,专业技术 十二级以下,1,,硕士研究生以上,硕士以上,,,社会工作专业；社会学专业,38周岁以下,,具有2年以上基层工作经历,持有社会工作师资格证,,,笔试+面试,,,,,杭州市民政局,"1.具有2年以上基层工作经历；
2.持有社会工作师资格证。",0571-88536582,1：4,否,,
67,2026-shishu,杭州,杭州市第二社会福利院,信息化管理,,专业技术 十二级以下,1,,硕士研究生以上,硕士以上,,,计算机科学与技术专业；计算机应用技术专业；软件工程专业,38周岁以下,,,,,,笔试+面试,,,,,杭州市民政局,无,0571-86417008,1：4,否,,
68,2026-shishu,杭州,杭州市儿童福利院（杭州市未成年人救助保护中心）,财务,,专业技术 十二级以下,1,,硕士研究生以上,硕士以上,,,会计专业；会计学专业；财务管理专业；审计专业；审计学专业,38周岁以下,,有2年以上财务相关工作经历,具备初级及以上会计专业技术资格证书,,,笔试+面试,,,,,杭州市民政局,"1.有2年以上财务相关工作经历；
2.具备初级及以上会计专业技术资格证书。",0571-85249050,1：4,否,,
69,2026-shishu,杭州,杭州市救助管理站,精神医生,,专业技术 十二级以下,1,,本科以上,学士以上,,精神医学专业；精神病与精神卫生学专业,精神医学专业；精神病与精神卫生学专业,38周岁以下,,,,,,笔试+面试,,,,,杭州市民政局,无,0571-87318651,1：4,否,,
70,2026-shishu,杭州,杭州市推拿医院（杭州市民福医院）,信息管理,,专业技术 十级以下,1,,本科以上,学士以上,,计算机科学与技术类；软件工程类；信息管理与信息系统专业,计算机科学与技术类；软件工程类；信息管理与信息系统专业,38周岁以下,,熟悉医院HIS系统，具有2年以上相关专业工作经历,,,,笔试+面试,,,,,杭州市民政局,熟悉医院HIS系统，具有2年以上相关专业工作经历。,0571-86821017,1：4,否,,
71,2026-shishu,杭州,杭州市推拿医院（杭州市民福医院）,中医内科医生1,,专业技术 七级以下,1,,本科以上,学士以上,,中医学专业；中医内科学专业,中医学专业；中医内科学专业,43周岁以下,,,,现从事内科或老年病区工作，并取得副高及以上职称,,笔试+面试,,,,,杭州市民政局,现从事内科或老年病区工作，并取得副高及以上职称。,0571-86821017,1：4,否,,
72,2026-shishu,杭州,杭州市推拿医院（杭州市民福医院）,中医内科医生2,,专业技术 十级以下,1,,本科以上,学士以上,,中医学专业；中医内科学专业；中西医结合临床专业；针灸推拿学专业,中医学专业；中医内科学专业；中西医结合临床专业；针灸推拿学专业,38周岁以下,,,,,,笔试+面试,,,需取得执业医师证；有工作经历者需现从事内科病区或老年病区工作，普通高校2026年应届毕业生不做该项要求,,杭州市民政局,"1.需取得执业医师证；
2.有工作经历者需现从事内科病区或老年病区工作，普通高校2026年应届毕业生不做该项要求。",0571-86821017,1：4,否,,
73,2026-shishu,杭州,杭州市推拿医院（杭州市民福医院）,康复医生,,专业技术 十级以下,1,,本科以上,学士以上,,临床医学专业；临床医学类（限康复医学方向）,临床医学专业；临床医学类（限康复医学方向）,38周岁以下,,有工作经历者需现从事康复医生工作,,并取得中级及以上职称（执业范围：康复医学）,,笔试+面试,,,普通高校2026年应届毕业生需取得执业医师证（执业范围：康复医学）,,杭州市民政局,"1.普通高校2026年应届毕业生需取得执业医师证（执业范围：康复医学）；
2.有工作经历者需现从事康复医生工作，并取得中级及以上职称（执业范围：康复医学）。",0571-86821017,1：4,否,,
74,2026-shishu,杭州,杭州市推拿医院（杭州市民福医院）,精神医生,,专业技术 十级以下,1,,本科以上,学士以上,,精神病与精神卫生学专业；临床医学类（限精神卫生方向）,精神病与精神卫生学专业；临床医学类（限精神卫生方向）,38周岁以下,,有工作经历者需现从事精神卫生专业工作,,并取得中级及以上职称,,笔试+面试,,,普通高校2026年应届毕业生需取得执业医师证,,杭州市民政局,"1.普通高校2026年应届毕业生需取得执业医师证；
2.有工作经历者需现从事精神卫生专业工作，并取得中级及以上职称。",0571-86821017,1：4,否,,
75,2026-shishu,杭州,杭州第一技师学院,动画制作专业技术理论教师,,专业技术 十二级以下,1,,硕士研究生以上,硕士以上,,,设计学类；计算机科学与技术类；软件工程类,38周岁以下,,,聘用后2年内须取得适用的教师资格证，逾期未取得，解除聘用合同,,,笔试+面试,,,需进行技能测试和试讲,,杭州市人力资源和社会保障局,"1.聘用后2年内须取得适用的教师资格证，逾期未取得，解除聘用合同；
2.需进行技能测试和试讲。",0571-88087024,1：4,是,,
76,2026-shishu,杭州,杭州第一技师学院,网络信息安全专业技术理论教师,,专业技术 十二级以下,1,,硕士研究生以上,硕士以上,,,软件工程类；计算机科学与技术类；网络空间安全类,38周岁以下,,,聘用后2年内须取得适用的教师资格证，逾期未取得，解除聘用合同,,,笔试+面试,,,需进行技能测试和试讲,,杭州市人力资源和社会保障局,"1.聘用后2年内须取得适用的教师资格证，逾期未取得，解除聘用合同；
2.需进行技能测试和试讲。",0571-88087024,1：4,是,,
77,2026-shishu,杭州,杭州第一技师学院,语文教师,,专业技术 十二级以下,1,,硕士研究生以上,硕士以上,,,中国语言文学类；教育学类,38周岁以下,,,聘用后2年内须取得适用的教师资格证，逾期未取得，解除聘用合同,,,笔试+面试,,,需进行试讲,,杭州市人力资源和社会保障局,"1.聘用后2年内须取得适用的教师资格证，逾期未取得，解除聘用合同；
2.需进行试讲。",0571-88087024,1：4,是,,
78,2026-shishu,杭州,杭州第一技师学院,智能制造专业技术理论教师,,专业技术 十二级以下,1,,硕士研究生以上,硕士以上,,,机械工程类,38周岁以下,,,聘用后2年内须取得适用的教师资格证，逾期未取得，解除聘用合同,,,笔试+面试,,,需进行技能测试和试讲,,杭州市人力资源和社会保障局,"1.聘用后2年内须取得适用的教师资格证，逾期未取得，解除聘用合同；
2.需进行技能测试和试讲。",0571-88087024,1：4,是,,
79,2026-shishu,杭州,杭州第一技师学院,护理专业技术理论教师,,专业技术 十二级以下,1,,硕士研究生以上,硕士以上,,,护理学类,38周岁以下,,,聘用后2年内须取得适用的教师资格证，逾期未取得，解除聘用合同,,,笔试+面试,,,需进行技能测试和试讲,,杭州市人力资源和社会保障局,"1.聘用后2年内须取得适用的教师资格证，逾期未取得，解除聘用合同；
2.需进行技能测试和试讲。",0571-88087024,1：4,是,,
80,2026-shishu,杭州,杭州第一技师学院,工业控制专业技术理论教师,,专业技术 十二级以下,1,,硕士研究生以上,硕士以上,,,软件工程类；计算机科学与技术类,38周岁以下,,,聘用后2年内须取得适用的教师资格证，逾期未取得，解除聘用合同,,,笔试+面试,,,需进行技能测试和试讲,,杭州市人力资源和社会保障局,"1.聘用后2年内须取得适用的教师资格证，逾期未取得，解除聘用合同；
2.需进行技能测试和试讲。",0571-88087024,1：4,是,,
81,2026-shishu,杭州,杭州第一技师学院,宠物养护实习指导教师,,专业技术 十二级以下,1,,硕士研究生以上,硕士以上,,,畜牧学类；兽医学类,38周岁以下,,,聘用后2年内须取得适用的教师资格证，逾期未取得，解除聘用合同,,,笔试+面试,,,需进行技能测试和试讲,,杭州市人力资源和社会保障局,"1.聘用后2年内须取得适用的教师资格证，逾期未取得，解除聘用合同；
2.需进行技能测试和试讲。",0571-88087024,1：4,是,,
82,2026-shishu,杭州,杭州第一技师学院,管理岗,,管理 九级以下,2,,硕士研究生以上,硕士以上,,,专业不限,38周岁以下,,,,,,笔试+面试,,,,,杭州市人力资源和社会保障局,无,0571-88087024,1：4,否,,
83,2026-shishu,杭州,杭州轻工技师学院,数字媒体技术应用教师,,专业技术 十二级以下,1,,本科以上,学士以上,,信息与通信工程类（限数字媒体方向）；计算机科学与技术类（限数字媒体方向）；计算机类（限数字媒体方向）；设计学类（限数字媒体或工艺美术方向）,信息与通信工程类（限数字媒体方向）；计算机科学与技术类（限数字媒体方向）；计算机类（限数字媒体方向）；设计学类（限数字媒体或工艺美术方向）,38周岁以下,,具有1年以上数字媒体相关专业教学工作经历,聘用后2年内必须取得中职及以上教师资格证，逾期未取得，解除聘用合同,,,笔试+面试,,,需进行技能测试和试讲,,杭州市人力资源和社会保障局,"1.聘用后2年内必须取得中职及以上教师资格证，逾期未取得，解除聘用合同；
2.具有1年以上数字媒体相关专业教学工作经历；
3.需进行技能测试和试讲。",0571-85192665,1：4,是,,
84,2026-shishu,杭州,杭州轻工技师学院,思政教师,,专业技术 十二级以下,1,,硕士研究生以上,硕士以上,,,马克思主义理论类；哲学类,38周岁以下,,具有2年以上思政教学工作经历,具有中职及以上教师资格证书,,,笔试+面试,,,需进行试讲,,杭州市人力资源和社会保障局,"1.具有中职及以上教师资格证书；
2.具有2年以上思政教学工作经历；
3.需进行试讲。",0571-85192665,1：4,是,,
85,2026-shishu,杭州,杭州轻工技师学院,教务管理员,,管理 九级以下,1,,本科以上,学士以上,,教育学类；工商管理类,教育学类；工商管理类,38周岁以下,,具有1年以上教务管理或教学工作经历,,,,笔试+面试,,,,,杭州市人力资源和社会保障局,具有1年以上教务管理或教学工作经历。,0571-85192665,1：4,否,,
86,2026-shishu,杭州,杭州市不动产登记服务中心（杭州市规划和自然资源档案馆）,综合管理,,专业技术 十二级以下,1,,本科以上,学士以上,,图书馆学专业；档案学专业；档案管理专业；信息资源管理专业,图书馆学专业；档案学专业；档案管理专业；信息资源管理专业,38周岁以下,,具有1年以上工作经历,具有不动产登记代理人职业资格证书的，专业不限,,,笔试+面试,,,,,杭州市规划和自然资源局,"1.具有不动产登记代理人职业资格证书的，专业不限；
2.具有1年以上工作经历。",0571-85254501,1：4,否,,
87,2026-shishu,杭州,杭州市不动产登记服务中心（杭州市规划和自然资源档案馆）,综合管理,,管理 九级以下,1,招聘普通高校2026年应届毕业生,硕士研究生以上,硕士以上,,,测绘科学与技术专业；测绘工程专业；摄影测量与遥感专业；大地测量学与测量工程专业；地图制图学与地理信息工程专业,38周岁以下,,,,,,笔试+面试,,,招聘普通高校2026年应届毕业生,,杭州市规划和自然资源局,招聘普通高校2026年应届毕业生。,0571-85254501,1：4,否,,
88,2026-shishu,杭州,杭州市土地储备交易中心（杭州市地质环境监测中心）,土地储备,,专业技术 十一级以下,1,招聘普通高校2026年应届毕业生,硕士研究生以上,硕士以上,,,应用经济学类（限应用经济学、金融学、产业经济学、数量经济学和国民经济学方向）；理论经济学类（限人口、资源与环境经济学方向）,38周岁以下,,,,,,笔试+面试,,,招聘普通高校2026年应届毕业生,,杭州市规划和自然资源局,"1.招聘普通高校2026年应届毕业生；
2.能胜任一线外勤岗位，能适应长期户外勘察高强度作业、夜间应急值班、频繁出差等工作；
3.具有较强的语言文字表达能力、分析解决问题能力、综合协调能力和优秀团队合作意识。",0571-85254420,1：4,否,能胜任一线外勤岗位，能适应长期户外勘察高强度作业、夜间应急值班、频繁出差等工作；具有较强的语言文字表达能力、分析解决问题能力、综合协调能力和优秀团队合作意识,
89,2026-shishu,杭州,杭州市土地房屋征收中心（杭州市国土整治中心）,"自然资源管理
1",,专业技术 十一级以下,1,招聘普通高校2026年应届毕业生,硕士研究生以上,硕士以上,,,公共管理类（限土地资源管理方向）；城乡规划学类（限城乡规划学、城市规划等方向）,38周岁以下,,,,,,笔试+面试,,,招聘普通高校2026年应届毕业生；要求本科和研究生阶段均为同类专业；能适应野外作业工作环境,,杭州市规划和自然资源局,"1.招聘普通高校2026年应届毕业生；
2.要求本科和研究生阶段均为同类专业；
3.能适应野外作业工作环境。",0571-85254369,1：4,否,,
90,2026-shishu,杭州,杭州市土地房屋征收中心（杭州市国土整治中心）,"自然资源管理
2",,专业技术 十一级以下,1,招聘普通高校2026年应届毕业生,本科以上,学士以上,,财政学类（限财政学方向）；工商管理类（限会计学方向、审计学方向）,财政学类（限财政学方向）；工商管理类（限会计学方向、审计学方向）,38周岁以下,,,,,,笔试+面试,,,招聘普通高校2026年应届毕业生,,杭州市规划和自然资源局,招聘普通高校2026年应届毕业生。,0571-85254369,1：4,否,,
91,2026-shishu,杭州,杭州市城市规划展览馆（杭州市规划和自然资源宣教中心、杭州市规划和自然资源综合保障中心）,综合管理,,专业技术 十一级以下,1,,本科以上,学士以上,,新闻传播学类(限新闻学、传播学、新闻与传播学方向),新闻传播学类(限新闻学、传播学、新闻与传播学方向),38周岁以下,,具有2年以上工作经历,,,,笔试+面试,,,,,杭州市规划和自然资源局,"1.具有2年以上工作经历；
2.具有较强的写作和沟通能力。",0571-87559657,1：4,否,具有较强的写作和沟通能力,
92,2026-shishu,杭州,杭州市规划设计研究院,城乡规划,,专业技术 十级以下,2,,硕士研究生以上,硕士以上,,,城乡规划学专业；城市规划专业；城市规划与设计专业；建筑学专业,38周岁以下,,具有3年以上城乡规划编制工作经历,具有注册城乡规划师资格,,,笔试+面试,,,,,杭州市规划和自然资源局,"1.副高及以上职称者年龄放宽至43周岁；
2.具有3年以上城乡规划编制工作经历；
3.具有注册城乡规划师资格。",0571-88228366,1：4,否,,
93,2026-shishu,杭州,杭州市规划设计研究院,历史文化保护,,专业技术 十一级以下,1,招聘普通高校2026年应届毕业生,硕士研究生以上,硕士以上,,,城乡规划学专业；城市规划专业；城市规划与设计专业；建筑历史与理论专业,38周岁以下,,,,,,笔试+面试,,,招聘普通高校2026年应届毕业生；要求本科和研究生阶段均为同类专业,,杭州市规划和自然资源局,"1.招聘普通高校2026年应届毕业生；
2.要求本科和研究生阶段均为同类专业。",0571-88228366,1：4,否,,
94,2026-shishu,杭州,杭州市生态环境科学研究院（杭州市城区生态环境监测站）,环境科学研究,,专业技术 八级以下,1,,博士研究生,博士,,,环境科学专业；环境工程专业；环境科学与工程专业；辐射防护及环境保护专业；储能技术专业；大气科学专业；地球气候与环境专业,38周岁以下,,,,,,笔试+面试,,,,,杭州市生态环境局,无,0571-86416625,1：4,否,,
95,2026-shishu,杭州,杭州市生态环境宣教信息中心,宣传教育,,专业技术 十级以下,1,,硕士研究生以上,硕士以上,,,网络与新媒体专业；新媒体专业；新闻学专业；新闻与传播专业；中国语言文学专业；电影制作学专业；传媒创意与设计学专业；数字媒体技术专业,38周岁以下,,,,,,笔试+面试,,,,,杭州市生态环境局,无,0571-89582057,1：4,否,,
96,2026-shishu,杭州,杭州市城乡建设管理服务中心,建设管理,,专业技术 八级以下,1,招聘普通高校2026年应届毕业生,硕士研究生以上,硕士以上,,,房地产开发与建设管理专业；城市与区域规划专业；公共管理与城市文化专业,38周岁以下,,,,,,笔试+面试,,,招聘普通高校2026年应届毕业生,,杭州市城乡建设委员会,招聘普通高校2026年应届毕业生。,0571-87152995,1：4,否,,
97,2026-shishu,杭州,杭州市城市更新促进中心（杭州市城市基础设施建设管理中心）,建设管理,,专业技术 八级以下,1,招聘普通高校2026年应届毕业生,硕士研究生以上,硕士以上,,,城市与区域规划专业；城市规划专业；城市地下空间工程专业；建筑与城乡规划设计专业；岩土工程专业；桥梁与隧道工程专业,38周岁以下,,,,,,笔试+面试,,,招聘普通高校2026年应届毕业生,,杭州市城乡建设委员会,招聘普通高校2026年应届毕业生。,0571-87761571,1：4,否,,
98,2026-shishu,杭州,杭州市建设工程质量安全监督总站,监督员,,专业技术 十二级以下,1,招聘普通高校2026年应届毕业生,本科以上,学士以上,,建筑电气与智能化专业；智能建造专业；智能建造与智慧交通专业,建筑电气与智能化专业；智能建造专业；智能建造与智慧交通专业,38周岁以下,,,,,,笔试+面试,,,招聘普通高校2026年应届毕业生,,杭州市城乡建设委员会,招聘普通高校2026年应届毕业生。,0571-88398966,1：4,否,,
99,2026-shishu,杭州,杭州市建设工程招标造价服务中心,招标造价管理1,,专业技术 十级以下,1,,本科以上,学士以上,,土木工程专业；工程造价专业；市政工程专业,土木工程专业；工程造价专业；市政工程专业,38周岁以下,,具有2年以上房屋建筑或市政工程建设管理工作经历,,,,笔试+面试,,,,,杭州市城乡建设委员会,具有2年以上房屋建筑或市政工程建设管理工作经历。,0571-88250829,1：4,否,,
100,2026-shishu,杭州,杭州市建设工程招标造价服务中心,招标造价管理2,,专业技术 十级以下,1,,本科以上,学士以上,,土木工程专业；工程造价专业；市政工程专业；建筑电气与智能化专业；城市地下空间工程专业；道路桥梁与渡河工程专业；智能建造专业,土木工程专业；工程造价专业；市政工程专业；建筑电气与智能化专业；城市地下空间工程专业；道路桥梁与渡河工程专业；智能建造专业,38周岁以下,,,具有二级及以上造价工程师职业资格,,,笔试+面试,,,,,杭州市城乡建设委员会,具有二级及以上造价工程师职业资格。,0571-88250829,1：4,否,,
101,2026-shishu,杭州,杭州市城市建设档案馆,综合管理,,专业技术 十级以下,1,招聘普通高校2026年应届毕业生,硕士研究生以上,硕士以上,,,中国语言文学类；马克思主义基本原理专业；档案学专业,38周岁以下,,,,,,笔试+面试,,,招聘普通高校2026年应届毕业生,,杭州市城乡建设委员会,招聘普通高校2026年应届毕业生。,0571-85358857,1：4,否,,
102,2026-shishu,杭州,杭州市城乡建设发展研究院,建设管理,,专业技术 八级以下,1,招聘普通高校2026年应届毕业生,硕士研究生以上,硕士以上,,,建设工程管理专业；工程管理专业；市政工程专业；建筑与土木工程专业,38周岁以下,,,,,,笔试+面试,,,招聘普通高校2026年应届毕业生,,杭州市城乡建设委员会,招聘普通高校2026年应届毕业生。,0571-87152958,1：4,否,,
103,2026-shishu,杭州,杭州博物馆（杭州博物院（筹））,艺术设计与创意,,专业技术 十级以下,1,,硕士研究生以上,硕士以上,,,艺术设计学专业；数字媒体艺术专业；视觉传达设计专业,38周岁以下,,,,,,笔试+面试,,,面试时需测试专业知识,,杭州市园林文物局,面试时需测试专业知识。,0571-87555737,1：4,是,,
104,2026-shishu,杭州,杭州博物馆（杭州博物院（筹））,文物修复,,专业技术 十级以下,1,,本科以上,学士以上,,文物保护与修复专业；文物保护技术专业；文物与博物馆学专业；考古学专业,文物保护与修复专业；文物保护技术专业；文物与博物馆学专业；考古学专业,38周岁以下,,需具有2年以上文物修复工作经历,,,,笔试+面试,,,面试时需测试专业知识,,杭州市园林文物局,"1.需具有2年以上文物修复工作经历；
2.面试时需测试专业知识。",0571-87555737,1：4,是,,
105,2026-shishu,杭州,杭州市交通运输行政执法队,交通执法1,,专业技术 十一级以下,2,,硕士研究生以上,硕士以上,,,法学类（限宪法学与行政法学、诉讼法学、法律、法律（法学）、法律（非法学）、诉讼法方向）,38周岁以下,,,,,,笔试+面试,,,工作地点在杭州范围内统筹安排(含区县)；以路面现场执法工作为主，需经常从事户外露天作业，具备处理突发问题的能力,,杭州市交通运输局,"1.工作地点在杭州范围内统筹安排(含区县)；
2.以路面现场执法工作为主，需经常从事户外露天作业，具备处理突发问题的能力；
3.能胜任基层一线执法，夜间应急值守。",0571-88818099,1：4,否,能胜任基层一线执法，夜间应急值守,男
106,2026-shishu,杭州,杭州市交通运输行政执法队,交通执法2,,专业技术 十一级以下,2,,硕士研究生以上,硕士以上,,,法学类（限宪法学与行政法学、诉讼法学、法律、法律（法学）、法律（非法学）、诉讼法方向）,38周岁以下,,,,,,笔试+面试,,,工作地点在杭州范围内统筹安排(含区县)；以路面现场执法工作为主，需经常从事户外露天作业，具备处理突发问题的能力,,杭州市交通运输局,"1.工作地点在杭州范围内统筹安排(含区县)；
2.以路面现场执法工作为主，需经常从事户外露天作业，具备处理突发问题的能力；
3.能胜任基层一线执法，夜间应急值守。",0571-88818099,1：4,否,能胜任基层一线执法，夜间应急值守,女
107,2026-shishu,杭州,杭州市交通运输行政执法队,交通运输管理,,专业技术 十一级以下,2,,硕士研究生以上,硕士以上,,,交通运输工程类,38周岁以下,,,,,,笔试+面试,,,工作地点在杭州范围内统筹安排(含区县),,杭州市交通运输局,"1.工作地点在杭州范围内统筹安排(含区县)；
2.能胜任基层一线执法，夜间应急值守。",0571-88818099,1：4,否,能胜任基层一线执法，夜间应急值守,
108,2026-shishu,杭州,杭州市交通运输行政执法队,物流管理,,专业技术 十一级以下,1,,本科以上,学士以上,,"本科：物流管理与工程类（限物流管理、现代物流管理方向）
研究生：交通运输工程类（限物流管理方向）；管理科学与工程类（限物流管理、物流管理与工程方向）；工商管理类（限物流管理方向）","本科：物流管理与工程类（限物流管理、现代物流管理方向）
研究生：交通运输工程类（限物流管理方向）；管理科学与工程类（限物流管理、物流管理与工程方向）；工商管理类（限物流管理方向）",38周岁以下,,,,,,笔试+面试,,,工作地点在杭州范围内统筹安排(含区县),,杭州市交通运输局,"1.工作地点在杭州范围内统筹安排(含区县)；
2.能胜任基层一线执法，夜间应急值守。",0571-88818099,1：4,否,能胜任基层一线执法，夜间应急值守,
109,2026-shishu,杭州,杭州市交通运输行政执法队,轨道交通管理,,专业技术 十一级以下,1,,本科以上,学士以上,,"本科：自动化类（限轨道交通信号与控制、机械电子工程技术、电气工程及自动化方向）；自动化专业；城市轨道交通信号与控制技术专业
研究生：控制科学与工程类（限控制理论与控制工程、检测技术与自动化装置方向）；交通运输工程类（限交通信息工程及控制方向）","本科：自动化类（限轨道交通信号与控制、机械电子工程技术、电气工程及自动化方向）；自动化专业；城市轨道交通信号与控制技术专业
研究生：控制科学与工程类（限控制理论与控制工程、检测技术与自动化装置方向）；交通运输工程类（限交通信息工程及控制方向）",38周岁以下,,,,,,笔试+面试,,,,,杭州市交通运输局,能胜任基层一线执法，夜间应急值守。,0571-88818099,1：4,否,能胜任基层一线执法，夜间应急值守,
110,2026-shishu,杭州,杭州市交通运输行政执法队,智能交通管理（低空）,,专业技术 十一级以下,1,,本科以上,学士以上,,"本科：航空航天类（限航空航天工程、通用航空航务技术、无人驾驶航空器系统工程、无人机系统应用技术、智能飞行器技术方向）；交通运输类（限民航运输服务与管理方向）；低空技术与工程专业                     
研究生：航空宇航科学与技术类（限航空工程方向）；交通运输工程类（限航空交通运输方向）；安全科学与工程类（限航空运输大数据工程方向）；低空技术与工程专业","本科：航空航天类（限航空航天工程、通用航空航务技术、无人驾驶航空器系统工程、无人机系统应用技术、智能飞行器技术方向）；交通运输类（限民航运输服务与管理方向）；低空技术与工程专业                     
研究生：航空宇航科学与技术类（限航空工程方向）；交通运输工程类（限航空交通运输方向）；安全科学与工程类（限航空运输大数据工程方向）；低空技术与工程专业",38周岁以下,,,,,,笔试+面试,,,工作地点在杭州范围内统筹安排(含区县),,杭州市交通运输局,"1.工作地点在杭州范围内统筹安排(含区县)；
2.能胜任基层一线执法，夜间应急值守。",0571-88818099,1：4,否,能胜任基层一线执法，夜间应急值守,
111,2026-shishu,杭州,杭州市交通运输行政执法队,交通管理,,专业技术 十一级以下,1,,本科以上,学士以上,,专业不限,专业不限,38周岁以下,,,,,,笔试+面试,招聘高校毕业生退役军人,,工作地点在杭州范围内统筹安排(含区县),,杭州市交通运输局,"1.招聘高校毕业生退役军人；
2.工作地点在杭州范围内统筹安排(含区县)；
3.能胜任基层一线执法，夜间应急值守。",0571-88818099,1：4,否,能胜任基层一线执法，夜间应急值守,
112,2026-shishu,杭州,杭州市公路与港航管理服务中心（杭州市低空交通运行管理服务中心）,低空飞行服务管理1,,专业技术 十一级以下,2,,本科以上,学士以上,,"本科：航空航天类（限航空航天工程、通用航空航务技术、无人驾驶航空器系统工程、无人机系统应用技术、智能飞行器技术方向）；交通运输类（限民航运输服务与管理、交通运输方向）；低空技术与工程专业                
研究生：航空宇航科学与技术类（限航空工程方向）；交通运输工程类（限航空交通运输方向、交通运输方向）；安全科学与工程类（限航空运输大数据工程方向）；低空技术与工程专业","本科：航空航天类（限航空航天工程、通用航空航务技术、无人驾驶航空器系统工程、无人机系统应用技术、智能飞行器技术方向）；交通运输类（限民航运输服务与管理、交通运输方向）；低空技术与工程专业                
研究生：航空宇航科学与技术类（限航空工程方向）；交通运输工程类（限航空交通运输方向、交通运输方向）；安全科学与工程类（限航空运输大数据工程方向）；低空技术与工程专业",38周岁以下,,,,,,笔试+面试,,,录用后2年内必须取得八类民用航空空中交通管制员执照或民用航空低空飞行服务专业人员上岗资格证，逾期未取得，解除聘用合同；面试时需进行专业测试,,杭州市交通运输局,"1.需夜间值班；              
2.录用后2年内必须取得八类民用航空空中交通管制员执照或民用航空低空飞行服务专业人员上岗资格证，逾期未取得，解除聘用合同；
3.面试时需进行专业测试。",0571-85460013,1：4,是,需夜间值班,
113,2026-shishu,杭州,杭州市公路与港航管理服务中心（杭州市低空交通运行管理服务中心）,低空飞行服务管理2,,专业技术 十一级以下,1,,硕士研究生以上,硕士以上,,,航空宇航科学与技术类（限航空工程方向）；交通运输工程类（限航空交通运输、交通运输方向）；安全科学与工程类（限航空运输大数据工程方向）；低空技术与工程专业,38周岁以下,,,,,,笔试+面试,,,录用后2年内必须取得八类民用航空空中交通管制员执照或民用航空低空飞行服务专业人员上岗资格证，逾期未取得，解除聘用合同；面试时需进行专业测试,,杭州市交通运输局,"1.需夜间值班；      
2.录用后2年内必须取得八类民用航空空中交通管制员执照或民用航空低空飞行服务专业人员上岗资格证，逾期未取得，解除聘用合同；
3.面试时需进行专业测试。",0571-85460013,1：4,是,需夜间值班,男
114,2026-shishu,杭州,杭州市公路与港航管理服务中心（杭州市低空交通运行管理服务中心）,低空飞行服务管理3,,专业技术 十一级以下,1,,硕士研究生以上,硕士以上,,,航空宇航科学与技术类（限航空工程方向）；交通运输工程类（限航空交通运输、交通运输方向）；安全科学与工程类（限航空运输大数据工程方向）；低空技术与工程专业,38周岁以下,,,,,,笔试+面试,,,录用后2年内必须取得八类民用航空空中交通管制员执照或民用航空低空飞行服务专业人员上岗资格证，逾期未取得，解除聘用合同；面试时需进行专业测试,,杭州市交通运输局,"1.需夜间值班；   
2.录用后2年内必须取得八类民用航空空中交通管制员执照或民用航空低空飞行服务专业人员上岗资格证，逾期未取得，解除聘用合同；
3.面试时需进行专业测试。",0571-85460013,1：4,是,需夜间值班,女
115,2026-shishu,杭州,杭州市公路与港航管理服务中心（杭州市低空交通运行管理服务中心）,财务管理,,专业技术 十一级以下,1,,硕士研究生以上,硕士以上,,,工商管理类（限财务管理、会计、会计学、审计、审计学方向）,38周岁以下,,,,,,笔试+面试,,,工作地在杭州市邮政管理局,,杭州市交通运输局,工作地在杭州市邮政管理局。,0571-85460013,1：4,否,,
116,2026-shishu,杭州,杭州市交通运输发展保障中心,工程技术,,专业技术 十二级以下,1,,硕士研究生以上,硕士以上,,,土木工程类（限土木工程、岩土工程、结构工程、市政工程、桥梁与隧道工程方向）；交通运输工程类（限道路与铁道工程方向）,38周岁以下,,具有2年以上工作经历,,,,笔试+面试,,,,,杭州市交通运输局,"1.具有2年以上工作经历； 
2.有较强的适应能力，肯吃苦，能适应驻点野外及夜间施工管理、应急值班等工作。",0571-89900967,1：4,否,有较强的适应能力，肯吃苦，能适应驻点野外及夜间施工管理、应急值班等工作,
117,2026-shishu,杭州,杭州技师学院,心理健康教育教师,,专业技术 十级以下,1,,硕士研究生以上,硕士以上,,,心理学类（限心理学、应用心理学、发展与教育心理学方向）；心理健康教育专业,38周岁以下,,,录用后2年内必须取得中职、高中或高等教育教师资格证，逾期未取得，解除聘用合同,,,笔试+面试,,,面试时需进行试讲,,杭州市交通运输局,"1.录用后2年内必须取得中职、高中或高等教育教师资格证，逾期未取得，解除聘用合同；
2.面试时需进行试讲。",0571-64619301,1：4,是,,
118,2026-shishu,杭州,杭州技师学院,智慧交通专业教师,,专业技术 十级以下,1,,硕士研究生以上,硕士以上,,,软件工程类（限软件工程、软件工程技术方向）；信息与通信工程类（限物联网工程、物联网技术与应用、物联网应用技术方向）；电子科学与技术类（限电子科学与技术、电子与通信工程方向）；交通运输工程类（限新能源汽车工程方向）；电气工程类（限电力电子与电力传动方向）,38周岁以下,,,录用后2年内必须取得中职、高中或高等教育教师资格证，逾期未取得，解除聘用合同,,,笔试+面试,,,面试时需进行试讲,,杭州市交通运输局,"1.录用后2年内必须取得中职、高中或高等教育教师资格证，逾期未取得，解除聘用合同；
2.面试时需进行试讲。",0571-64619301,1：4,是,,
119,2026-shishu,杭州,杭州技师学院,跨境电商专业教师,,专业技术 十级以下,1,,硕士研究生以上,硕士以上,,,工商管理类（限物流管理与电子商务方向）；经济学类（限国际商务与管理方向）；应用经济学类（限国际贸易学、国际贸易、国际金融学、互联网金融学、金融学、投资学方向）；国际商务专业,38周岁以下,,,录用后2年内必须取得中职、高中或高等教育教师资格证，逾期未取得，解除聘用合同,,,笔试+面试,,,面试时需进行试讲,,杭州市交通运输局,"1.录用后2年内必须取得中职、高中或高等教育教师资格证，逾期未取得，解除聘用合同；
2.面试时需进行试讲。",0571-64619301,1：4,是,,
120,2026-shishu,杭州,杭州技师学院,无人机专业教师,,专业技术 十级以下,1,,本科以上,学士以上,,"本科：航空航天类（限无人驾驶航空器系统工程、无人机系统应用技术、智能飞行器技术、飞行器设计与工程、飞行器制造工程、飞行器动力工程、航空智能制造技术方向）；自动化类（限自动化、机器人工程、机器人技术、智能控制技术、未来机器人方向）
研究生：动力工程及工程热物理类（限动力工程方向）；信息与通信工程类（限智能机器人技术及应用方向）；航空宇航科学与技术类（限飞行器设计、通用航空飞行器设计与制造方向）","本科：航空航天类（限无人驾驶航空器系统工程、无人机系统应用技术、智能飞行器技术、飞行器设计与工程、飞行器制造工程、飞行器动力工程、航空智能制造技术方向）；自动化类（限自动化、机器人工程、机器人技术、智能控制技术、未来机器人方向）
研究生：动力工程及工程热物理类（限动力工程方向）；信息与通信工程类（限智能机器人技术及应用方向）；航空宇航科学与技术类（限飞行器设计、通用航空飞行器设计与制造方向）",38周岁以下,,,录用后2年内必须取得中职、高中或高等教育教师资格证，逾期未取得，解除聘用合同,,,笔试+面试,,,面试时需进行试讲,,杭州市交通运输局,"1.录用后2年内必须取得中职、高中或高等教育教师资格证，逾期未取得，解除聘用合同；
2.面试时需进行试讲。",0571-64619301,1：4,是,,
121,2026-shishu,杭州,杭州技师学院,医务教师,,专业技术 十级以下,1,,硕士研究生以上,硕士以上,,,临床医学类（限康复医学与理疗学、老年医学、健康管理学、临床护理学方向）；医学技术类（限康复治疗学方向）；生物学类（限健康大数据与智能医学方向）,38周岁以下,,,录用后2年内必须取得中职、高中或高等教育教师资格证，逾期未取得，解除聘用合同,,,笔试+面试,,,具有执业医师资格（全科、内科）和2年以上医务相关工作经历；面试时需进行试讲,,杭州市交通运输局,"1.录用后2年内必须取得中职、高中或高等教育教师资格证，逾期未取得，解除聘用合同；
2.具有执业医师资格（全科、内科）和2年以上医务相关工作经历；
3.面试时需进行试讲。",0571-64619301,1：4,是,,
122,2026-shishu,杭州,杭州技师学院,电子专业教师,,专业技术 十级以下,1,,硕士研究生以上,硕士以上,,,电子科学与技术类（限电子科学与技术、电子与通信工程、电路与系统方向）；电子信息专业；新一代电子信息技术（含量子技术等）专业；集成电路科学与工程专业,38周岁以下,,,录用后2年内必须取得中职、高中或高等教育教师资格证，逾期未取得，解除聘用合同,,,笔试+面试,,,面试时需进行试讲,,杭州市交通运输局,"1.录用后2年内必须取得中职、高中或高等教育教师资格证，逾期未取得，解除聘用合同；
2.面试时需进行试讲。",0571-64619301,1：4,是,,
123,2026-shishu,杭州,杭州技师学院,机器人专业教师,,专业技术 十级以下,1,,硕士研究生以上,硕士以上,,,机械类（限机器人工程方向）；机械工程类（限机械电子工程方向）；信息与通信工程类（限智能机器人技术及应用方向）；控制科学与工程类（限机器人科学与工程方向）；力学类（限智能制造与机器人方向）；机器人技术专业,38周岁以下,,,录用后2年内必须取得中职、高中或高等教育教师资格证，逾期未取得，解除聘用合同,,,笔试+面试,,,面试时需进行试讲,,杭州市交通运输局,"1.录用后2年内必须取得中职、高中或高等教育教师资格证，逾期未取得，解除聘用合同；
2.面试时需进行试讲。",0571-64619301,1：4,是,,
124,2026-shishu,杭州,杭州汽车高级技工学校,数字媒体技术教师,,专业技术 十一级以下,1,,硕士研究生以上,硕士以上,,,数字媒体技术专业；戏剧与影视学类（限电影制作学方向）；美术学类（限动画学方向）；设计学类（限动画艺术学、传媒创意与设计学、数字媒体艺术、设计艺术学方向）；艺术类门类设计学类（限设计学方向）,38周岁以下,,,录用后2年内必须取得中职、高中或高等教育教师资格证，逾期未取得，解除聘用合同,,,笔试+面试,,,要求本科与研究生专业相同或相近；面试时需进行试讲,,杭州市交通运输局,"1.录用后2年内必须取得中职、高中或高等教育教师资格证，逾期未取得，解除聘用合同；
2.要求本科与研究生专业相同或相近；
3.面试时需进行试讲。",0571-88198157,1：4,是,,
125,2026-shishu,杭州,杭州汽车高级技工学校,人工智能专业教师,,专业技术 十一级以下,1,,硕士研究生以上,硕士以上,,,计算机科学与技术类（限人工智能、计算机科学与技术、计算机应用技术、计算机技术、物联网工程与技术、智能科学与技术方向）；软件工程类（限人工智能、人工智能与机器学习方向）；控制科学与工程类（限人工智能、人工智能技术、智能科学与技术方向）；软件工程类（限软件工程技术、软件工程方向）,38周岁以下,,,录用后2年内必须取得中职、高中或高等教育教师资格证，逾期未取得，解除聘用合同,,,笔试+面试,,,要求本科与研究生专业相同或相近；面试时需进行试讲,,杭州市交通运输局,"1.录用后2年内必须取得中职、高中或高等教育教师资格证，逾期未取得，解除聘用合同；
2.要求本科与研究生专业相同或相近；
3.面试时需进行试讲。",0571-88198157,1：4,是,,
126,2026-shishu,杭州,杭州市水文水资源监测中心（杭州市水土保持中心）,水土保持,,专业技术 八级以下,1,,本科以上,学士以上,,水利类；土木类（限给排水科学与工程，土木、水利与海洋工程，土木、水利与交通工程，给水排水，给排水工程，给水排水工程，城市水系统工程等方向）；自动化类（限自动化、电气工程及自动化、智能控制技术、自动化技术与应用、现代测控工程技术等方向）；水土保持与荒漠化防治专业；工程管理专业；测绘工程专业；地下水科学与工程专业；生态水利工程专业；农业水利工程专业；智能感知工程专业；土木工程专业；土木水利专业,水利类；土木类（限给排水科学与工程，土木、水利与海洋工程，土木、水利与交通工程，给水排水，给排水工程，给水排水工程，城市水系统工程等方向）；自动化类（限自动化、电气工程及自动化、智能控制技术、自动化技术与应用、现代测控工程技术等方向）；水土保持与荒漠化防治专业；工程管理专业；测绘工程专业；地下水科学与工程专业；生态水利工程专业；农业水利工程专业；智能感知工程专业；土木工程专业；土木水利专业,38周岁以下,,,,,,笔试+面试,,,,,杭州市林业水利局,无,0571-86571518,1：4,否,,
127,2026-shishu,杭州,杭州市河湖与农村水利管理服务中心（杭州市林业水利事务保障中心）,信息技术,,专业技术 八级以下,1,,本科以上,学士以上,,计算机类；电子科学与技术类；信息与通信工程类；计算机科学与技术类；软件工程类,计算机类；电子科学与技术类；信息与通信工程类；计算机科学与技术类；软件工程类,38周岁以下,,具有2年以上相关工作经历，熟悉大数据和信息系统建设工作,,持相关专业中级（含）以上技术职称证书,,笔试+面试,,,具有扎实的专业知识，掌握计算机网络的基本原理和网络安全的相关知识；了解不同类型的网络攻击和防御技术，熟悉网络安全设备和工具的使用，具备分析和解决网络安全问题的能力,,杭州市林业水利局,"1.具有2年以上相关工作经历，熟悉大数据和信息系统建设工作；
2.持相关专业中级（含）以上技术职称证书；
3.具有扎实的专业知识，掌握计算机网络的基本原理和网络安全的相关知识。了解不同类型的网络攻击和防御技术，熟悉网络安全设备和工具的使用，具备分析和解决网络安全问题的能力。",0571-88387090,1：4,否,,
128,2026-shishu,杭州,杭州市林业和湿地科学研究院,林业产业发展,,专业技术 八级以下,1,,本科以上,学士以上,,"本科：林学专业；森林保护专业；经济林专业；智慧林业专业；湿地保护与恢复专业；农林经济管理专业；经济学专业；资源与环境经济学专业；数字经济专业
研究生：森林保护学专业；森林经理学专业；森林培育专业；森林生态学专业；湿地科学专业；湿地生态学专业；生态学类（限湿地生态方向）；林业经济管理专业；产业经济学专业；区域经济学专业","本科：林学专业；森林保护专业；经济林专业；智慧林业专业；湿地保护与恢复专业；农林经济管理专业；经济学专业；资源与环境经济学专业；数字经济专业
研究生：森林保护学专业；森林经理学专业；森林培育专业；森林生态学专业；湿地科学专业；湿地生态学专业；生态学类（限湿地生态方向）；林业经济管理专业；产业经济学专业；区域经济学专业",38周岁以下,,,,,,笔试+面试,,,,,杭州市林业水利局,无,0571-86517002,1：4,否,,
129,2026-shishu,杭州,杭州市水利发展规划研究中心（杭州市水利水电工程质量安全管理服务中心）,综合管理1,,专业技术 八级以下,1,,本科以上,学士以上,,"本科：水利类；土木类；建筑类；经济学类
研究生：水利工程类；土木工程类；城乡规划学类；建筑学类；应用经济学类","本科：水利类；土木类；建筑类；经济学类
研究生：水利工程类；土木工程类；城乡规划学类；建筑学类；应用经济学类",38周岁以下,,,,,,笔试+面试,,,,,杭州市林业水利局,无,0571-86519033,1：4,否,,男
130,2026-shishu,杭州,杭州市水利发展规划研究中心（杭州市水利水电工程质量安全管理服务中心）,综合管理2,,专业技术 八级以下,1,,本科以上,学士以上,,"本科：水利类；土木类；建筑类；经济学类
研究生：水利工程类；土木工程类；城乡规划学类；建筑学类；应用经济学类","本科：水利类；土木类；建筑类；经济学类
研究生：水利工程类；土木工程类；城乡规划学类；建筑学类；应用经济学类",38周岁以下,,,,,,笔试+面试,,,,,杭州市林业水利局,无,0571-86519033,1：4,否,,女
131,2026-shishu,杭州,杭州市南排工程建设管理服务中心（杭州市水利科普馆）,工程管理,,专业技术 八级以下,1,,本科以上,学士以上,,"本科：水利类；新闻传播学类（限新闻与传播、新闻学、传播学方向）
研究生：
计算机科学与技术类（限计算机科学与技术、计算机技术方向）；
信息与通信工程类（限信息与通信工程方向）；
软件工程类（限软件工程、软件工程技术方向）；
水利工程类（限水利信息技术、水力学及河流动力学、水文学及水资源方向）；
新闻传播学类（限新闻与传播、新闻学、传播学方向）","本科：水利类；新闻传播学类（限新闻与传播、新闻学、传播学方向）
研究生：
计算机科学与技术类（限计算机科学与技术、计算机技术方向）；
信息与通信工程类（限信息与通信工程方向）；
软件工程类（限软件工程、软件工程技术方向）；
水利工程类（限水利信息技术、水力学及河流动力学、水文学及水资源方向）；
新闻传播学类（限新闻与传播、新闻学、传播学方向）",38周岁以下,,,,,,笔试+面试,,,,,杭州市林业水利局,无,0571-86758957,1：4,否,,
132,2026-shishu,杭州,杭州市商务发展研究中心（杭州市中小商贸流通企业服务中心）,综合管理,,专业技术 十级以下,1,,硕士研究生以上,硕士以上,,,理论经济学类；应用统计类；国际商务类；数字经济类；中国语言文学类,38周岁以下,,具有2年以上基层工作经历,,,中共党员（含预备党员）,笔试+面试,,,,,杭州市商务局,"1.中共党员（含预备党员）；
2.具有2年以上基层工作经历。",0571-87074556,1：4,否,,
133,2026-shishu,杭州,杭州图书馆,古籍整理研究,,专业技术 十级以下,1,,硕士研究生以上,硕士以上,,,中国古典文献学专业；历史文献学专业,38周岁以下,,,,,,笔试+面试,,,,,杭州市文化广电旅游局,无,0571-87918053,1：4,否,,
134,2026-shishu,杭州,杭州市文化馆（杭州市非物质文化遗产保护中心）,文化服务岗,,专业技术 十级以下,1,,硕士研究生以上,硕士以上,,,美术与书法专业；文化产业专业；文化传播专业；文化与传媒专业；文化产业管理专业；文化传播与管理专业；文化管理专业；数字媒体技术专业；数字媒体艺术专业,38周岁以下,,,,,,笔试+面试,,,,,杭州市文化广电旅游局,无,0571-85384311,1：4,否,,
135,2026-shishu,杭州,杭州艺术学校,语文教师,,专业技术 十二级以下,1,,硕士研究生以上,硕士以上,,,学科教学专业（语文）；中国语言文学专业；汉语言文字学专业,38周岁以下,,,具有适用的高中或中职语文教师资格证,,,笔试+面试,,,熟悉新闻媒体运用及宣传工作，具有新闻稿件撰写能力；面试时需进行语文教师业务专业能力测试,,杭州市文化广电旅游局,"1.具有适用的高中或中职语文教师资格证；
2.熟悉新闻媒体运用及宣传工作，具有新闻稿件撰写能力 ；                                                                               3.面试时需进行语文教师业务专业能力测试。",0571-88013209,1：4,是,,
136,2026-shishu,杭州,杭州市卫生健康事业发展中心,基本建设处工作人员,,专业技术 八级以下,1,,硕士研究生以上,硕士以上,,,建筑学类（限建筑设计及其理论、建筑技术科学方向）；电气工程类（限电力系统及其自动化方向）；土木工程类（限结构工程方向）；公安技术类（限消防工程方向）,38周岁以下,,,,具有工程师及以上职称,,笔试+面试,,,本科专业与研究生专业相近,,杭州市卫生健康委员会（杭州市疾病预防控制局）,"1.本科专业与研究生专业相近；
2.具有工程师及以上职称；
3.本岗位需驻点项目工地现场、有夜间值班以及户外工作需要，适宜男性报考。",0571-87014092,1：4,否,本岗位需驻点项目工地现场、有夜间值班以及户外工作需要，适宜男性报考,
137,2026-shishu,杭州,杭州市卫生健康事业发展中心,健康服务促进处工作人员,,专业技术 八级以下,1,,硕士研究生以上,硕士以上,,,管理学类（限社会医学与卫生事业管理方向）；公共卫生与预防医学类（限公共卫生与预防医学方向）；生物学类（限生物学方向）；生物医学工程类（限生物医学工程、精准医学与公共健康方向）,38周岁以下,,,具备较高的卫生管理政策研究能力和文字撰写能力（资格复审时需提供有关作品和成果）,,,笔试+面试,,,面试时需测试专业知识,,杭州市卫生健康委员会（杭州市疾病预防控制局）,"1.具备较高的卫生管理政策研究能力和文字撰写能力（资格复审时需提供有关作品和成果）；
2.面试时需测试专业知识。",0571-87014092,1：4,是,,
138,2026-shishu,杭州,杭州市第三人民医院,"党政
综合办公室工作人员",,专业技术 十级以下,1,,硕士研究生以上,硕士以上,,,中国语言文学类（限汉语言文字学方向）；新闻传播学类（限新闻与传播方向、新闻学方向、传播学方向）；图书情报与档案管理类（限档案学方向）；公共管理类（限行政管理方向）,38周岁以下,,有工作经历者需有三级医院2年以上专业工作经历,,并取得初级及以上职称,中共党员（含预备党员）,笔试+面试,,,普通高校2026年应届生不作如上要求；面试时需测试专业知识,,杭州市卫生健康委员会（杭州市疾病预防控制局）,"1.有工作经历者需有三级医院2年以上专业工作经历，并取得初级及以上职称，普通高校2026年应届生不作如上要求；
2.中共党员（含预备党员）；
3.面试时需测试专业知识。",0571-87823103,1：4,是,,
139,2026-shishu,杭州,杭州市第三人民医院,财务部工作人员,,专业技术 十级以下,1,,硕士研究生以上,硕士以上,,,工商管理类（限会计、会计学方向）；应用经济学类（限金融、金融学方向）,38周岁以下,,有工作经历者需有财务岗位工作经历,,取得初级及以上职称,,笔试+面试,,,普通高校2026年应届生不作如上要求；面试时需测试专业知识,,杭州市卫生健康委员会（杭州市疾病预防控制局）,"1.有工作经历者需有财务岗位工作经历，取得初级及以上职称，普通高校2026年应届生不作如上要求；
2.面试时需测试专业知识。",0571-87823103,1：4,是,,
140,2026-shishu,杭州,杭州市西溪医院,信息中心工作人员,,专业技术 十级以下,1,,硕士研究生以上,硕士以上,,,计算机科学与技术类（限计算机科学与技术、计算机软件与理论、计算机网络与信息安全、计算机系统结构、计算机应用技术、计算机技术、数据科学、人工智能方向）；软件工程类（限人工智能、软件工程方向）；电子信息类（限控制工程方向）,38周岁以下,,,,,,笔试+面试,,,面试时需测试专业知识,,杭州市卫生健康委员会（杭州市疾病预防控制局）,面试时需测试专业知识。,0571-86481807,1：4,是,,
141,2026-shishu,杭州,杭州市第七人民医院,科研与学科建设部工作人员,,专业技术 七级以下,1,,硕士研究生以上,硕士以上,,,公共管理类（限社会医学与卫生事业管理方向、公共管理方向）；公共卫生与预防医学类（限流行病与卫生统计学方向）,38周岁以下,,需有三级医院2年以上相关工作经历,,取得中级及以上职称,,笔试+面试,,,面试时需测试专业知识,,杭州市卫生健康委员会（杭州市疾病预防控制局）,"1.需有三级医院2年以上相关工作经历；
2.取得中级及以上职称；
3.面试时需测试专业知识。",0571-85126521,1：4,是,,
142,2026-shishu,杭州,杭州市妇产科医院,设备资产管理工作人员,,专业技术 八级以下,1,,硕士研究生以上,硕士以上,,,生物医学工程类（限生物医学工程、电子信息技术及仪器方向）；公共管理类（限公共管理、公共管理学方向）；管理学门类管理科学与工程类（限管理科学与工程方向）,38周岁以下,,具有2年以上医院相关工作经历,,有工程师（中级）及以上职称,,笔试+面试,,,面试时需测试专业知识,,杭州市卫生健康委员会（杭州市疾病预防控制局）,"1.有工程师（中级）及以上职称；
2.具有2年以上医院相关工作经历；
3.面试时需测试专业知识。","0571-56005030
0571-56005016",1：4,是,,
143,2026-shishu,杭州,杭州市退役军人服务中心（杭州市双拥服务中心）,综合管理,,管理 九级以下,1,,本科以上,学士以上,,专业不限,专业不限,38周岁以下,,,,,,笔试+面试,招聘高校毕业生退役军人,,,,杭州市退役军人事务局,招聘高校毕业生退役军人。,0571-89586644,1：4,否,,
144,2026-shishu,杭州,杭州军用饮食供应站（杭州市城东市级应急避灾疏散管理中心）,综合管理,,管理 九级以下,1,,本科以上,学士以上,,机械工程类；电子科学与技术类；信息与通信工程类；控制科学与工程类；软件工程类；机械类；电子信息类；自动化类,机械工程类；电子科学与技术类；信息与通信工程类；控制科学与工程类；软件工程类；机械类；电子信息类；自动化类,38周岁以下,,,,,,笔试+面试,招聘高校毕业生退役军人,,以研究生学历报名的要求本科专业与研究生专业相近,,杭州市退役军人事务局,"1.招聘高校毕业生退役军人；
2.以研究生学历报名的要求本科专业与研究生专业相近。",0571-89586639,1：4,否,,
145,2026-shishu,杭州,杭州市应急宣教和保障中心,科普宣传,,管理 九级以下,1,,本科以上,学士以上,,新闻学专业；编辑出版学专业；传播学专业；广播电视学专业；网络与新媒体专业；汉语言文学专业,新闻学专业；编辑出版学专业；传播学专业；广播电视学专业；网络与新媒体专业；汉语言文学专业,38周岁以下,,具有2年以上工作经历,,,,笔试+面试,,,,,杭州市应急管理局,具有2年以上工作经历。,0571-85259814,1：4,否,,
146,2026-shishu,杭州,杭州市外事翻译中心,英语翻译,,专业技术 十二级以下,1,,硕士研究生以上,硕士以上,,,英语语言文学专业（050201）；外国语言学及应用语言学专业（英语方向）（050211）；翻译类（0551，包含：英语笔译专业055101、英语口译专业055102）,38周岁以下,,,具有全国翻译专业资格（水平）CATTI二级（口/笔译）及以上证书,,中共党员（含预备党员）,笔试+面试,,,面试含外语专业能力测试,,杭州市人民政府外事办公室,"1.中共党员（含预备党员）；
2.具有全国翻译专业资格（水平）CATTI二级（口/笔译）及以上证书；
3.具备良好的中英文文字功底；
4.身心健康，有良好的团队精神、奉献精神和服务意识，有较强的组织协调能力；
5.面试含外语专业能力测试。",0571-85256363,1：4,是,具备良好的中英文文字功底；身心健康，有良好的团队精神、奉献精神和服务意识，有较强的组织协调能力,
147,2026-shishu,杭州,杭州市质量计量科学研究院,检测技术人员,,专业技术 十级以下,1,招聘普通高校2026年应届毕业生,硕士研究生以上,硕士以上,,,电气工程类；电子科学与技术类；控制科学与工程类,38周岁以下,,,,,,笔试+面试,,,招聘普通高校2026年应届毕业生；符合以下条件的非普通高校2026年应届生也可报考：取得质量技术基础专业高级工程师及以上技术职称；本科及以上学历、学士及以上学位；专业不限,,杭州市市场监督管理局,"1.招聘普通高校2026年应届毕业生；                         
2.符合以下条件的非普通高校2026年应届生也可报考：取得质量技术基础专业高级工程师及以上技术职称，本科及以上学历、学士及以上学位，专业不限，年龄放宽至43周岁。","0571-81995215
0571-81995301",1：4,否,,
148,2026-shishu,杭州,杭州市标准化研究院（杭州标准化国际交流中心）,ISO/TC技术管理,,专业技术 八级以下,1,,硕士研究生以上,硕士以上,,,专业不限,38周岁以下,,,,,,笔试+面试,,,报考人应具备流利的英语口译能力，且具有英语专业八级或全国翻译专业资格（水平）考试英语口译（或笔译）二级及以上证书；需加试英语口译,,杭州市市场监督管理局,"1.报考人应具备流利的英语口译能力，且具有英语专业八级或全国翻译专业资格（水平）考试英语口译（或笔译）二级及以上证书；
2.需加试英语口译。",0571-87152526,1：4,是,,
149,2026-shishu,杭州,杭州市特种设备检验科学研究院,特种设备检验检测,,专业技术 八级以下,3,,硕士研究生以上,硕士以上,,,机械工程类；动力工程与工程热物理类；控制科学与工程类,38周岁以下,,具有3年特种设备相关工作经历，能胜任一线检验岗位,,具有中级及以上职称；具有副高级及以上专业技术职称的,,笔试+面试,,,具有特种设备检验师及以上资质（特种设备检验师指的是：锅炉检验师、锅炉水（介）质检验师、压力容器检验师、压力管道检验师、电梯检验师、起重机械检验师、场（厂）内专用机动车辆检验师）；学历可放宽至本科及以上学历、学士及以上学位,,杭州市市场监督管理局,"1.具有中级及以上职称；具有特种设备检验师及以上资质（特种设备检验师指的是：锅炉检验师、锅炉水（介）质检验师、压力容器检验师、压力管道检验师、电梯检验师、起重机械检验师、场（厂）内专用机动车辆检验师）；
2.具有3年特种设备相关工作经历，能胜任一线检验岗位；能适应登高、高温、户外高强度作业、有毒有害、密闭空间、夜间应急值班、长期出差等工作，适合男性；
3.具有副高级及以上专业技术职称的，学历可放宽至本科及以上学历、学士及以上学位，年龄放宽至45周岁；
4.研究生学历、博士学位的,年龄放宽至45周岁。",0571-81391288,1：4,否,能适应登高、高温、户外高强度作业、有毒有害、密闭空间、夜间应急值班、长期出差等工作，适合男性,
150,2026-shishu,杭州,杭州市食品药品检验科学研究院(杭州市药品与医疗器械不良反应监测中心),药品检验,,专业技术 十级以下,1,面向普通高校2026年应届毕业生招聘,硕士研究生以上,硕士以上,,,中药学类；药学类,38周岁以下,,,,,中共党员（含预备党员）,笔试+面试,,,面向普通高校2026年应届毕业生招聘,,杭州市市场监督管理局,"1.面向普通高校2026年应届毕业生招聘；
2.中共党员（含预备党员）。","0571-85463880
0571-85460672",1：4,否,,男
151,2026-shishu,杭州,杭州市食品药品检验科学研究院(杭州市药品与医疗器械不良反应监测中心),药品检验,,专业技术 十级以下,1,面向普通高校2026年应届毕业生招聘,硕士研究生以上,硕士以上,,,中药学类；药学类,38周岁以下,,,,,中共党员（含预备党员）,笔试+面试,,,面向普通高校2026年应届毕业生招聘,,杭州市市场监督管理局,"1.面向普通高校2026年应届毕业生招聘；
2.中共党员（含预备党员）。","0571-85463880
0571-85460672",1：4,否,,女
152,2026-shishu,杭州,杭州市体育事业发展中心,运动科研,,专业技术 十一级以下,1,,本科以上,学士以上,,运动医学专业；运动康复专业；运动康复学专业；运动康复与健康专业；康复治疗专业；康复治疗学专业；针灸推拿学专业,运动医学专业；运动康复专业；运动康复学专业；运动康复与健康专业；康复治疗专业；康复治疗学专业；针灸推拿学专业,43周岁以下,,有专业运动队保障经验，或具有3年以上相关工作经验,具有康复医学治疗技术资格（卫生技术资格）证书,,,笔试+面试,,,面试环节需要进行专业能力测试,,杭州市体育局,"1.具有康复医学治疗技术资格（卫生技术资格）证书；
2.有专业运动队保障经验，或具有3年以上相关工作经验；                              
3.需要保障运动队训练时间，需随运动队出差；
4.面试环节需要进行专业能力测试。",0571-87180107,1：4,是,需要保障运动队训练时间，需随运动队出差,
153,2026-shishu,杭州,杭州市陈经纶体育学校,女子篮球教练,,专业技术 十一级以下,1,,本科以上,无要求,,专业不限,专业不限,38周岁以下,,,,,,笔试+面试,,,省级优秀运动队篮球专项训练3年以上；国家级运动健将及以上（篮球）；有篮球队带训与管理的经验；面试环节需要进行专业能力测试,,杭州市体育局,"1.省级优秀运动队篮球专项训练3年以上；
2.国家级运动健将及以上（篮球）；
3.有篮球队带训与管理的经验；
4.面试环节需要进行专业能力测试。",0571-87981352,1：4,是,,
154,2026-shishu,杭州,杭州市陈经纶体育学校,体操教练,,专业技术 十一级以下,1,,本科以上,无要求,,专业不限,专业不限,38周岁以下,,,,,,笔试+面试,,,省级优秀运动队体操专项训练3年以上；一级运动员及以上（体操）；有体操队带训与管理的经验；面试环节需要进行专业能力测试,,杭州市体育局,"1.省级优秀运动队体操专项训练3年以上；
2.一级运动员及以上（体操）；
3.有体操队带训与管理的经验；
4.面试环节需要进行专业能力测试。",0571-87981352,1：4,是,,
155,2026-shishu,杭州,杭州市陈经纶体育学校,小学音乐老师,,专业技术 十一级以下,1,,硕士研究生以上,硕士以上,,,音乐专业；音乐学专业；学科教学（音乐）专业,38周岁以下,,,具有音乐教师资格证书,,,笔试+面试,,,普通话水平达到二级乙等及以上；面试环节需要进行专业能力测试,,杭州市体育局,"1.具有音乐教师资格证书；
2.普通话水平达到二级乙等及以上；
3.面试环节需要进行专业能力测试。",0571-87981352,1：4,是,,
156,2026-shishu,杭州,杭州市水上运动中心,海岸赛艇教练,,专业技术 十一级以下,1,,本科以上,学士以上,,体育学类,体育学类,43周岁以下,,,,,,笔试+面试,,,具有优秀运动队3年以上赛艇专项训练经历，且本人获得赛艇项目全国锦标赛（奥运项目）冠军，或全运会、亚运会前三名，或世锦赛、奥运会前8名；运动健将；面试环节需进行专业能力测试,,杭州市体育局,"1.具有优秀运动队3年以上赛艇专项训练经历，且本人获得赛艇项目全国锦标赛（奥运项目）冠军，或全运会、亚运会前三名，或世锦赛、奥运会前8名；
2.运动健将；
3.能吃苦，有奉献精神，能适应节假日值班、加班、外训等工作安排；
4.面试环节需进行专业能力测试。",0571-85249202,1：4,是,能吃苦，有奉献精神，能适应节假日值班、加班、外训等工作安排,
157,2026-shishu,杭州,杭州市医疗保障事务受理中心,综合管理1,,专业技术 十级以下,1,,本科以上,学士以上,,中国语言文学类；新闻传播学类,中国语言文学类；新闻传播学类,38周岁以下,,,,,中共党员（含预备党员）,笔试+面试,,,,,杭州市医疗保障局,"1.中共党员（含预备党员）；
2.具有较强的文字表达能力、沟通协调能力。",0571-87801703,1：4,否,具有较强的文字表达能力、沟通协调能力,
158,2026-shishu,杭州,杭州市医疗保障事务受理中心,综合管理2,,专业技术 十级以下,1,,本科以上,学士以上,,计算机科学与技术专业；软件工程专业；网络空间安全专业,计算机科学与技术专业；软件工程专业；网络空间安全专业,38周岁以下,,,,,中共党员（含预备党员）,笔试+面试,,,,,杭州市医疗保障局,中共党员（含预备党员）。,0571-87801703,1：4,否,,
159,2026-shishu,杭州,杭州市城市管理指挥保障中心,综合管理,,专业技术 十级以下,1,,硕士研究生以上,硕士以上,,,法学专业；社会工作与社会政策专业；社会工作专业；社会政策专业；中国语言文学专业；计算机科学与技术专业；计算机软件与理论专业；计算机系统结构专业；计算机应用技术专业；人工智能专业；数据科学和信息技术专业；网络安全技术与工程专业；网络信息安全专业；新闻传播学类；软件工程类,38周岁以下,,具有2年以上工作经历,,,,笔试+面试,,,,,杭州市综合行政执法局（杭州市城市管理局）,"1.具有2年以上工作经历；
2.具有较强的分析解决问题能力和语言文字表达能力。",0571-85808039,1：4,否,具有较强的分析解决问题能力和语言文字表达能力,
160,2026-shishu,杭州,杭州市城市水设施和河道保护管理中心,综合管理,,专业技术 十一级以下,1,招聘普通高校2026年应届毕业生,硕士研究生以上,硕士以上,,,市政工程专业；水文学及水资源专业；环境工程专业；水力学及河流动力学专业,38周岁以下,,,,,,笔试+面试,,,招聘普通高校2026年应届毕业生,,杭州市综合行政执法局（杭州市城市管理局）,"1.招聘普通高校2026年应届毕业生；
2.能胜任户外作业、夜间巡查及应急值班等工作。",0571-85866235,1：4,否,能胜任户外作业、夜间巡查及应急值班等工作,
161,2026-shishu,杭州,杭州市轨道交通运行和公用事业保障中心,综合岗位,,专业技术 八级以下,1,,本科以上,学士以上,,计算机科学与技术专业；软件工程专业；汉语言文学专业；教育学专业；土木工程专业；会计专业,计算机科学与技术专业；软件工程专业；汉语言文学专业；教育学专业；土木工程专业；会计专业,38周岁以下,,,,,,笔试+面试,,,,,杭州市综合行政执法局（杭州市城市管理局）,具有较强的分析解决问题能力、文字写作能力、表达及沟通能力。,0571-86418536,1：4,否,具有较强的分析解决问题能力、文字写作能力、表达及沟通能力,
162,2026-shishu,杭州,杭州市环境卫生和生活固废处置保障中心（杭州市环境卫生科学研究所）,工程管理,,专业技术 十级以下,1,,硕士研究生以上,硕士以上,,,城乡规划学专业；土木工程类；环境科学与工程类,38周岁以下,,,,,,笔试+面试,,,,,杭州市综合行政执法局（杭州市城市管理局）,"1.具有较强的沟通协调能力和语言文字表达能力；
2.能胜任户外作业、夜间巡查及应急值班等工作。",0571-85069877,1：4,否,具有较强的沟通协调能力和语言文字表达能力；能胜任户外作业、夜间巡查及应急值班等工作,
163,2026-shishu,杭州,杭州市市政设施管理中心,市政管理,,专业技术 十级以下,1,,硕士研究生以上,硕士以上,,,电气工程专业；工程财务与造价管理专业；工程管理专业；工程与项目管理专业,38周岁以下,,,,,,笔试+面试,,,,,杭州市综合行政执法局（杭州市城市管理局）,能胜任户外作业、夜间巡查及应急值班等工作。,0571-85808029,1：4,否,能胜任户外作业、夜间巡查及应急值班等工作,
164,2026-shishu,杭州,杭州市行政大楼服务保障中心,设备管理,,管理 八级以下,1,,本科以上,学士以上,,电气类（限电气工程及其自动化方向）；土木类（限建筑环境与能源应用工程、建筑电气与智能化方向）；机械类（限机械设计制造及其自动化方向）,电气类（限电气工程及其自动化方向）；土木类（限建筑环境与能源应用工程、建筑电气与智能化方向）；机械类（限机械设计制造及其自动化方向）,38周岁以下,,具有3年以上设备管理相关工作经历,,,,笔试+面试,,,,,杭州市机关事务管理局,"1.具有3年以上设备管理相关工作经历；
2.需经常性加班，夜间、节假日值班。",0571-85253829,1：4,否,需经常性加班，夜间、节假日值班,
165,2026-shishu,杭州,杭州市市级机关事业单位资产管理服务中心,资产管理,,管理 七级以下,1,,本科以上,学士以上,,"本科：土木类（限土木工程方向）；建筑类（限建筑学方向）；计算机类（限计算机科学与技术、软件工程、网络工程方向）
研究生：土木工程类（限结构工程、防灾减灾工程及防护工程方向）；建筑学类（限建筑学方向）","本科：土木类（限土木工程方向）；建筑类（限建筑学方向）；计算机类（限计算机科学与技术、软件工程、网络工程方向）
研究生：土木工程类（限结构工程、防灾减灾工程及防护工程方向）；建筑学类（限建筑学方向）",38周岁以下,,具有3年以上相关专业工作经历,,,中共党员（含预备党员）,笔试+面试,,,,,杭州市机关事务管理局,"1.中共党员（含预备党员）；
2.具有3年以上相关专业工作经历；
3.具有较强的计划、组织、协调和应变能力以及良好的团队协作精神。",0571-85253850,1：4,否,具有较强的计划、组织、协调和应变能力以及良好的团队协作精神,
166,2026-shishu,杭州,杭州市军民融合发展指导服务中心（杭州市701工程管理所）,综合管理1,,专业技术 十级以下,1,招聘普通高校2026年应届毕业生,硕士研究生以上,硕士以上,,,人工智能专业；电子信息专业；电子科学与技术专业；航空宇航科学与技术专业,38周岁以下,,,,,中共党员（含预备党员）,笔试+面试,,,招聘普通高校2026年应届毕业生,,杭州市国防动员办公室,"1.中共党员（含预备党员）；
2.招聘普通高校2026年应届毕业生；
3.能胜任夜间战勤值班等工作。",0571-89587500,1：4,否,能胜任夜间战勤值班等工作,男
167,2026-shishu,杭州,杭州市军民融合发展指导服务中心（杭州市701工程管理所）,综合管理2,,专业技术 十级以下,1,招聘普通高校2026年应届毕业生,硕士研究生以上,硕士以上,,,人工智能专业；电子信息专业；电子科学与技术专业；航空宇航科学与技术专业,38周岁以下,,,,,中共党员（含预备党员）,笔试+面试,,,招聘普通高校2026年应届毕业生,,杭州市国防动员办公室,"1.中共党员（含预备党员）；
2.招聘普通高校2026年应届毕业生。",0571-89587500,1：4,否,,女
168,2026-shishu,杭州,杭州市公共政策研究中心,研究人员,,专业技术 十一级以下,1,,博士研究生,博士,,,经济学门类（限应用经济学类、统计学类）；公共管理类（限公共政策方向）,38周岁以下,,,,,中共党员（含预备党员）,笔试+面试,,,,,杭州市政府研究室（市政府参事室）,"1.中共党员（含预备党员）；
2.具有较强的经济分析与研究能力。",0571-85252516,1：4,否,具有较强的经济分析与研究能力,
169,2026-shishu,杭州,杭州市农业科学研究院,计划财务管理,,专业技术 十级以下,1,,硕士研究生以上,硕士以上,,,会计学类；财务管理类；审计学类；统计学类,38周岁以下,,具有2年以上工作经历,,,,笔试+面试,,,,,杭州市农业科学研究院,具有2年以上工作经历。,0571-86035909,1：4,否,,
170,2026-shishu,杭州,杭州师范大学,辅导员1,,专业技术 七级以下,6,,硕士研究生以上,硕士以上,,,专业不限,38周岁以下,,,,,中共党员（含预备党员）,笔试+面试,,,普通高校毕业生，含已取得教育部留学服务中心学历学位认证的国（境）外高校毕业生；担任过本科高校专职辅导员满一（学）年且考核合格及以上，或大学（包括本科或研究生）期间荣获过校级及以上优秀学生干部、优秀团干部或优秀团员荣誉，并满足以下条件之一：；担任班长、团支书，或校级学生组织（学生社团不在此列）主要负责人满一（学）年；担任党支部书记（教师担任书记的，可以为副书记），校院二级团委学生会部长（不含副部长）、团委副书记及以上任职经历满一(学)年；担任高校兼职辅导员工作满一（学）年；入职后前3年需入住男生公寓；面试环节设无领导小组讨论和心理测评,,杭州师范大学,"1.中共党员（含预备党员）；
2.普通高校毕业生，含已取得教育部留学服务中心学历学位认证的国（境）外高校毕业生；
3.担任过本科高校专职辅导员满一（学）年且考核合格及以上，或大学（包括本科或研究生）期间荣获过校级及以上优秀学生干部、优秀团干部或优秀团员荣誉，并满足以下条件之一：
（1）担任班长、团支书，或校级学生组织（学生社团不在此列）主要负责人满一（学）年；
（2）担任党支部书记（教师担任书记的，可以为副书记），校院二级团委学生会部长（不含副部长）、团委副书记及以上任职经历满一(学)年；
（3）担任高校兼职辅导员工作满一（学）年。
4.入职后前3年需入住男生公寓；
5.面试环节设无领导小组讨论和心理测评。","0571-28866896
0571-28868157",1：4,是,,男
171,2026-shishu,杭州,杭州师范大学,辅导员2,,专业技术 七级以下,6,,硕士研究生以上,硕士以上,,,专业不限,38周岁以下,,,,,中共党员（含预备党员）,笔试+面试,,,普通高校毕业生，含已取得教育部留学服务中心学历学位认证的国（境）外高校毕业生；担任过本科高校专职辅导员满一（学）年且考核合格及以上，或大学（包括本科或研究生）期间荣获过校级及以上优秀学生干部、优秀团干部或优秀团员荣誉，并满足以下条件之一：；担任班长、团支书，或校级学生组织（学生社团不在此列）主要负责人满一（学）年；担任党支部书记（教师担任书记的，可以为副书记），校院二级团委学生会部长（不含副部长）、团委副书记及以上任职经历满一(学)年；担任高校兼职辅导员工作满一（学）年；入职后前3年需入住女生公寓；面试环节设无领导小组讨论和心理测评,,杭州师范大学,"1.中共党员（含预备党员）；
2.普通高校毕业生，含已取得教育部留学服务中心学历学位认证的国（境）外高校毕业生；
3.担任过本科高校专职辅导员满一（学）年且考核合格及以上，或大学（包括本科或研究生）期间荣获过校级及以上优秀学生干部、优秀团干部或优秀团员荣誉，并满足以下条件之一：
（1）担任班长、团支书，或校级学生组织（学生社团不在此列）主要负责人满一（学）年；
（2）担任党支部书记（教师担任书记的，可以为副书记），校院二级团委学生会部长（不含副部长）、团委副书记及以上任职经历满一(学)年；
（3）担任高校兼职辅导员工作满一（学）年。
4.入职后前3年需入住女生公寓；
5.面试环节设无领导小组讨论和心理测评。","0571-28866896
0571-28868157",1：4,是,,女
172,2026-shishu,杭州,杭州师范大学,辅导员3,,专业技术 七级以下,6,,博士研究生,博士,,,专业不限,38周岁以下,,,,,中共党员（含预备党员）,笔试+面试,,,普通高校毕业生，含已取得教育部留学服务中心学历学位认证的国（境）外高校毕业生；大学（包括本科或研究生）期间有一（学）年以上担任校院两级团委、学生会、研究生会、社团等学生组织副部长及以上学生干部，或有一（学）年以上党支部、班团等主要学生干部经历，或有一（学）年以上专兼职辅导员工作经历；入职后前3年需入住学生公寓；面试环节设无领导小组讨论和心理测评,,杭州师范大学,"1.中共党员（含预备党员）；
2.普通高校毕业生，含已取得教育部留学服务中心学历学位认证的国（境）外高校毕业生；
3.大学（包括本科或研究生）期间有一（学）年以上担任校院两级团委、学生会、研究生会、社团等学生组织副部长及以上学生干部，或有一（学）年以上党支部、班团等主要学生干部经历，或有一（学）年以上专兼职辅导员工作经历；
4.具有较强的系统思维、逻辑分析能力，能熟练运用常用办公软件和AI软件，具备数据分析能力；有较强的组织协调能力、沟通交流能力、文字写作能力、问题处置能力，热爱并愿意长期从事学生思想政治教育工作；
5.入职后前3年需入住学生公寓；
6.面试环节设无领导小组讨论和心理测评。","0571-28866896
0571-28868157",1：4,是,具有较强的系统思维、逻辑分析能力，能熟练运用常用办公软件和AI软件，具备数据分析能力；有较强的组织协调能力、沟通交流能力、文字写作能力、问题处置能力，热爱并愿意长期从事学生思想政治教育工作,
173,2026-shishu,杭州,浙大城市学院,宣传部新闻采编岗,,专业技术 十级以下,1,,硕士研究生以上,硕士以上,,,新闻传播学专业；新闻与传播专业,38周岁以下,,具有2年以上新闻或新媒体工作经历,,,中共党员（含预备党员）,笔试+面试,,,熟练掌握新媒体运营、新闻稿件撰写、摄影摄像、视频剪辑等专业技术,,浙大城市学院,"1.中共党员（含预备党员）；
2.具有2年以上新闻或新媒体工作经历；
3.熟练掌握新媒体运营、新闻稿件撰写、摄影摄像、视频剪辑等专业技术；
4.发表的新闻作品在新闻类大赛中有获奖经历者优先。",0571-88018976,1：4,否,发表的新闻作品在新闻类大赛中有获奖经历者优先,
174,2026-shishu,杭州,浙大城市学院,基本建设处工程管理岗,,专业技术 八级以下,1,,硕士研究生以上,硕士以上,,,土木工程类；建筑学类,38周岁以下,,具有2年以上高校或中学或较大规模企事业单位基建工程管理相关工作经历,,具有工程技术系列中级及以上职称,,笔试+面试,,,掌握工程建设领域相关专业技术知识，熟悉国家、地方工程建设领域的法律、法规、政策及相关制度,,浙大城市学院,"1.具有2年以上高校或中学或较大规模企事业单位基建工程管理相关工作经历；
2.具有工程技术系列中级及以上职称；
3.能胜任施工现场管理工作，具备业务处理能力及专业研究能力，具备良好的沟通、协调、执行能力；
4.掌握工程建设领域相关专业技术知识，熟悉国家、地方工程建设领域的法律、法规、政策及相关制度；
5.有建筑工程专业一级注册建造师执业资格优先。",0571-88018976,1：4,否,能胜任施工现场管理工作，具备业务处理能力及专业研究能力，具备良好的沟通、协调、执行能力；有建筑工程专业一级注册建造师执业资格优先,
175,2026-shishu,杭州,浙大城市学院,图书馆特色馆藏建设与服务岗,,专业技术 十级以下,1,,博士研究生,博士,,,图书馆学专业；中国史专业；中国古典文献学专业；历史文献学专业；文献资源保护及利用专业；数字人文专业；档案学专业；情报学专业；图书情报专业,38周岁以下,,,,,,笔试+面试,,,具备扎实的数字人文、历史、文献管理与利用等专业理论功底，具有跨学科的知识储备和数字素养；熟悉常用的数字人文工具和平台，对元数据标准、数据库结构、API接口、网络技术有基本了解，具备数据标准建设、资源挖掘、知识图谱构建等能力,,浙大城市学院,"1.思想政治素质高，事业心和责任感强，具备正常履行岗位职责的身体条件，具备良好的沟通协调能力与团队合作精神，有较强的学习能力和创新意识；
2.具备扎实的数字人文、历史、文献管理与利用等专业理论功底，具有跨学科的知识储备和数字素养；
3.熟悉常用的数字人文工具和平台，对元数据标准、数据库结构、API接口、网络技术有基本了解，具备数据标准建设、资源挖掘、知识图谱构建等能力；
4.具有特色馆藏（民间文书、地方文献等）收集整理、数字化、活化利用、研究支持、展陈策划等工作经历者优先。",0571-88018976,1：4,否,思想政治素质高，事业心和责任感强，具备正常履行岗位职责的身体条件，具备良好的沟通协调能力与团队合作精神，有较强的学习能力和创新意识；具有特色馆藏（民间文书、地方文献等）收集整理、数字化、活化利用、研究支持、展陈策划等工作经历者优先,
176,2026-shishu,杭州,浙大城市学院,图书馆学科服务岗,,专业技术 十级以下,1,,博士研究生,博士,,,情报学专业；信息分析专业；大数据管理专业；信息资源管理专业；图书馆学专业；数据科学专业；图书情报专业,38周岁以下,,,,,,笔试+面试,,,具备良好学习新技术和软件平台的能力：具备快速学习图书馆智慧服务相关新技术、新软件（如文献计量、知识图谱、科研数据管理工具等）等能力，并能应用于数智服务实践；具有数据治理、数据挖掘或科研数据服务相关项目经验，能够独立完成数据清洗、分析、解读及报告撰写，并结合高校学科需求提供数据支撑服务；熟悉图书馆相关系统、文献信息资源、数据库及软件工具，至少掌握一种数据分析及可视化工具，如Python、Tableau、VOSviewer等,,浙大城市学院,"1.思想政治素质高，事业心和责任强，具备正常履行岗位职责的身体条件，具备良好的沟通协调能力与团队合作神，有较强的学习能力和创新意识；
2.具备良好学习新技术和软件平台的能力：具备快速学习图书馆智慧服务相关新技术、新软件（如文献计量、知识图谱、科研数据管理工具等）等能力，并能应用于数智服务实践；
3.具有数据治理、数据挖掘或科研数据服务相关项目经验，能够独立完成数据清洗、分析、解读及报告撰写，并结合高校学科需求提供数据支撑服务；
4.熟悉图书馆相关系统、文献信息资源、数据库及软件工具，至少掌握一种数据分析及可视化工具，如Python、Tableau、VOSviewer等；
5.具有教育部或科技部等科技查新员有效证书者优先。",0571-88018976,1：4,否,思想政治素质高，事业心和责任强，具备正常履行岗位职责的身体条件，具备良好的沟通协调能力与团队合作神，有较强的学习能力和创新意识；具有教育部或科技部等科技查新员有效证书者优先,
177,2026-shishu,杭州,浙大城市学院,信息与电气工程学院实验技术岗,,专业技术 十级以下,2,,硕士研究生以上,硕士以上,,,电气工程类；电子科学与技术类；信息与通信工程类；控制科学与工程类；计算机科学与技术类,38周岁以下,,,,,,笔试+面试,,,实践动手能力强，能够独立开展实验教学，负责相关仪器设备的管理与维护,,浙大城市学院,"1.工作认真负责，具备良好的服务意识、团队合作精神与组织协调能力；
2.具备良好的计算机应用能力与文字表达能力；
3.实践动手能力强，能够独立开展实验教学，负责相关仪器设备的管理与维护；
4.有实验室管理及信息化建设相关工作经历者优先。",0571-88018976,1：4,否,工作认真负责，具备良好的服务意识、团队合作精神与组织协调能力；具备良好的计算机应用能力与文字表达能力；有实验室管理及信息化建设相关工作经历者优先,
178,2026-shishu,杭州,浙大城市学院,工程学院功能材料工程研究中心实验技术岗,,专业技术 十级以下,1,,硕士研究生以上,硕士以上,,,材料科学与工程类；化学工程与技术类；化学类,38周岁以下,,,,,,笔试+面试,,,,,浙大城市学院,"1.政治立场坚定、具有良好的职业道德、诚实守信、作风正派、爱岗敬业、工作细心踏实，具有良好的团队合作精神，服务意识和责任心强；
2.材料、化学、化工、物理等相关专业知识扎实，身心健康；
3.具有较强的实验室管理及文字撰写能力；
4.具有较强的沟通协调和事务沟通能力；
5.持有省级以上标准化专业技术委员会证书者优先。",0571-88018976,1：4,否,政治立场坚定、具有良好的职业道德、诚实守信、作风正派、爱岗敬业、工作细心踏实，具有良好的团队合作精神，服务意识和责任心强；材料、化学、化工、物理等相关专业知识扎实，身心健康；具有较强的实验室管理及文字撰写能力；具有较强的沟通协调和事务沟通能力；持有省级以上标准化专业技术委员会证书者优先,
179,2026-shishu,杭州,浙大城市学院,工程学院实验技术岗,,专业技术 十级以下,1,,硕士研究生以上,硕士以上,,,机械工程类,38周岁以下,,,,,,笔试+面试,,,具有较强实验/实践教学能力、动手能力以及学生竞赛指导能力,,浙大城市学院,"1.具有较强的事业心和责任感、良好的团队协作意识、集体观念和奉献精神；
2.具有较强实验/实践教学能力、动手能力以及学生竞赛指导能力；
3.具有较强的实验室管理及文字撰写能力；
4.具有较强的沟通协调与事务沟通能力；
5.能熟练操作、管理、维护机械类实验仪器设备，持有机械制造基础加工职业技能等级证书者优先。",0571-88018976,1：4,否,具有较强的事业心和责任感、良好的团队协作意识、集体观念和奉献精神；具有较强的实验室管理及文字撰写能力；具有较强的沟通协调与事务沟通能力；能熟练操作、管理、维护机械类实验仪器设备，持有机械制造基础加工职业技能等级证书者优先,
180,2026-shishu,杭州,浙大城市学院,浙大城市学院怀卡托大学联合学院实验技术岗,,专业技术 十级以下,1,,硕士研究生以上,硕士以上,,,计算机科学与技术专业；教育技术学专业；工业设计工程专业；数字媒体技术专业,38周岁以下,,,,,,笔试+面试,,,具有创新思维与解决问题能力，能主动关注领域内新技术、新方法，并思考如何应用于教学，能为实验室发展提供建设性意见,,浙大城市学院,"1.具有良好的沟通与协调能力，准确理解教师和专业的需求，并提出技术解决方案，能够独立、高效地处理与中外两校的日常联络与事务协调；
2.具有较强的服务意识与抗压能力，有较强的主动服务精神和耐心，能够同时应对教师、项目活动的支持需求；
3.具有创新思维与解决问题能力，能主动关注领域内新技术、新方法，并思考如何应用于教学，能为实验室发展提供建设性意见；
4.具备良好的英语听说读写能力，能够熟练运用英语进行邮件沟通、技术文档读写和在线会议交流。",0571-88018976,1：4,否,具有良好的沟通与协调能力，准确理解教师和专业的需求，并提出技术解决方案，能够独立、高效地处理与中外两校的日常联络与事务协调；具有较强的服务意识与抗压能力，有较强的主动服务精神和耐心，能够同时应对教师、项目活动的支持需求；具备良好的英语听说读写能力，能够熟练运用英语进行邮件沟通、技术文档读写和在线会议交流,
181,2026-shishu,杭州,浙大城市学院,艺术与考古学院实验技术岗,,专业技术 十级以下,1,,硕士研究生以上,硕士以上,,,设计学类专业；考古学类专业；电子科学与技术专业；计算机科学与技术专业,38周岁以下,,具有2年以上高校或同类型研究机构工作经历,,,中共党员（含预备党员）,笔试+面试,,,熟悉实验室的日常管理工作，包括开展实验室管理、实验室文化建设、实验室项目建设、实验室制度建设等工作,,浙大城市学院,"1.中共党员（含预备党员）；
2.具有2年以上高校或同类型研究机构工作经历；
3.具有良好的计算机应用能力和较强的文字功底；
4.熟悉实验室的日常管理工作，包括开展实验室管理、实验室文化建设、实验室项目建设、实验室制度建设等工作；
5.具有一定的实验室安全责任意识，兼任危化品安全管理工作，较高的工作责任心和担当意识，团结同事，做事细心，有较强的工作执行力。",0571-88018976,1：4,否,具有良好的计算机应用能力和较强的文字功底；具有一定的实验室安全责任意识，兼任危化品安全管理工作，较高的工作责任心和担当意识，团结同事，做事细心，有较强的工作执行力,
182,2026-shishu,杭州,杭州市北京航空航天大学国际创新研究院（北京航空航天大学国际创新学院）,审计监督岗,,管理 九级以下,1,,硕士研究生以上,硕士以上,,,审计专业；会计专业；工商管理学专业；金融专业；税务专业,38周岁以下,,具有1年以上财务、审计相关岗位工作经历,,,中共党员（含预备党员）,笔试+面试,,,熟练使用常用办公及财务、统计、数据分析软件，熟悉财经法规和相关审计政策,,杭州市教育局,"1.中共党员（含预备党员）；
2.爱岗敬业，具备良好的沟通能力、组织协调能力和较强的文字表达能力；
3.熟练使用常用办公及财务、统计、数据分析软件，熟悉财经法规和相关审计政策；
4.具有会计师、审计师、注册会计师（CPA）、特许公认会计师（ACCA）、特许金融分析师（CFAⅡ级及以上）、金融风险管理师（FRM）、注册信息系统审计师（CISA）等资格证书优先；
5.具有1年以上财务、审计相关岗位工作经历；
6.专业测试具体形式：业务、心理素质测试。",0571-28881014,1：4,是,爱岗敬业，具备良好的沟通能力、组织协调能力和较强的文字表达能力；具有会计师、审计师、注册会计师（CPA）、特许公认会计师（ACCA）、特许金融分析师（CFAⅡ级及以上）、金融风险管理师（FRM）、注册信息系统审计师（CISA）等资格证书优先；专业测试具体形式：业务、心理素质测试,
183,2026-shishu,杭州,杭州市北京航空航天大学国际创新研究院（北京航空航天大学国际创新学院）,纪检监察岗,,管理 九级以下,1,,硕士研究生以上,硕士以上,,,法学专业；政治学专业；马克思主义理论专业；公安学专业；纪检监察学专业；法律专业；警务专业,38周岁以下,,具有1年以上审计、纪检监察等相关岗位工作经历,,,中共党员（含预备党员）,笔试+面试,,,,,杭州市教育局,"1.中共党员（含预备党员）；
2.能熟练操作办公软件及信息系统，有较强的文字表达能力；
3.熟悉党内法规和国家法律法规，掌握纪检监察业务知识和工作流程，具备较强的调查研判、沟通协调能力；
4.具有1年以上审计、纪检监察等相关岗位工作经历；
5.专业测试具体形式：业务、心理素质测试。",0571-28881014,1：4,是,能熟练操作办公软件及信息系统，有较强的文字表达能力；熟悉党内法规和国家法律法规，掌握纪检监察业务知识和工作流程，具备较强的调查研判、沟通协调能力；专业测试具体形式：业务、心理素质测试,
184,2026-shishu,杭州,杭州市北京航空航天大学国际创新研究院（北京航空航天大学国际创新学院）,宣传统战岗,,管理 九级以下,1,,硕士研究生以上,硕士以上,,,新闻传播学专业；新闻与传播专业；中国语言文学专业；外国语言文学专业；马克思主义理论专业；政治学专业；民族学专业,38周岁以下,,具有1年以上宣传、统战等相关岗位工作经历,,,中共党员（含预备党员）,笔试+面试,,,或对统一战线工作尤其是宗教工作有一定了解,,杭州市教育局,"1.中共党员（含预备党员）；
2.爱岗敬业，具备良好的沟通能力、组织协调能力和较强的文字表达能力，具有较强的英语交流能力；
3.具有较强的新闻敏感性和采编能力，文字功底扎实，具有新闻媒体相关工作经验者优先；或对统一战线工作尤其是宗教工作有一定了解；
4.具有1年以上宣传、统战等相关岗位工作经历；
5.专业测试具体形式：业务、心理素质测试。",0571-28881014,1：4,是,爱岗敬业，具备良好的沟通能力、组织协调能力和较强的文字表达能力，具有较强的英语交流能力；具有较强的新闻敏感性和采编能力，文字功底扎实，具有新闻媒体相关工作经验者优先；专业测试具体形式：业务、心理素质测试,
185,2026-shishu,杭州,杭州市北京航空航天大学国际创新研究院（北京航空航天大学国际创新学院）,工程管理岗,,专业技术 八级以下,1,,硕士研究生以上,硕士以上,,,电气工程专业；建筑学专业；工程管理专业；土木工程专业；安全科学与工程专业,38周岁以下,,具有2年以上工程管理工作经历,,具有工程管理相关的高级职称或具有一级建造师职业资格证书,,笔试+面试,,,,,杭州市教育局,"1.爱岗敬业，具备良好的沟通能力、组织协调能力和较强的文字表达能力；
2.具有工程管理相关的高级职称或具有一级建造师职业资格证书；
3.具有2年以上工程管理工作经历；
4.专业测试具体形式：业务、心理素质测试。",0571-28881056,1：4,是,爱岗敬业，具备良好的沟通能力、组织协调能力和较强的文字表达能力；专业测试具体形式：业务、心理素质测试,
186,2026-shishu,杭州,杭州市北京航空航天大学国际创新研究院（北京航空航天大学国际创新学院）,安全管理岗,,专业技术 十级以下,1,,硕士研究生以上,硕士以上,,,公安学专业；安全科学与工程专业；土木工程类（限消防工程方向）；化学工程与技术类（限化学工程、化学工艺、应用化学方向）,38周岁以下,,,,,,笔试+面试,,,,,杭州市教育局,"1.爱岗敬业，具备良好的沟通能力、组织协调能力和较强的文字表达能力；
2.需从事一线应急处置、防汛防台等工作，需参加24小时值班，适宜男性报考；
3.专业测试具体形式：业务、心理素质测试。",0571-28881056,1：4,是,爱岗敬业，具备良好的沟通能力、组织协调能力和较强的文字表达能力；需从事一线应急处置、防汛防台等工作，需参加24小时值班，适宜男性报考；专业测试具体形式：业务、心理素质测试,
187,2026-shishu,杭州,杭州市北京航空航天大学国际创新研究院（北京航空航天大学国际创新学院）,科研综合管理岗,,管理 九级以下,1,,硕士研究生以上,硕士以上,,,理学类；工学类,38周岁以下,,具有1年以上科研管理、综合管理等相关岗位工作经历,,,,笔试+面试,,,,,杭州市教育局,"1.爱岗敬业，具备良好的沟通能力、组织协调能力和较强的文字表达能力；
2.具有1年以上科研管理、综合管理等相关岗位工作经历；
3.专业测试具体形式：业务、心理素质测试。",0571-28881053,1：4,是,爱岗敬业，具备良好的沟通能力、组织协调能力和较强的文字表达能力；专业测试具体形式：业务、心理素质测试,
188,2026-shishu,杭州,杭州市北京航空航天大学国际创新研究院（北京航空航天大学国际创新学院）,科研规划岗,,管理 九级以下,1,,硕士研究生以上,硕士以上,,,理学类；工学类,38周岁以下,,具有1年以上行业分析、政策研究、成果转化等相关工作经历,,,,笔试+面试,,,,,杭州市教育局,"1.爱岗敬业，具备良好的沟通能力、组织协调能力和较强的文字表达能力；
2.具有1年以上行业分析、政策研究、成果转化等相关工作经历；
3.专业测试具体形式：业务、心理素质测试。",0571-28881053,1：4,是,爱岗敬业，具备良好的沟通能力、组织协调能力和较强的文字表达能力；专业测试具体形式：业务、心理素质测试,
189,2026-shishu,杭州,杭州科技职业技术学院,思政辅导员1,,专业技术 十级以下,2,,硕士研究生以上,硕士以上,,,专业不限,38周岁以下,,具有2年以上高校思政辅导员工作经历,,,中共党员（含预备党员）,笔试+面试,,,要求入住学生男生公寓；面试时进行心理测试,,杭州科技职业技术学院,"1.中共党员（含预备党员）；
2.具有2年以上高校思政辅导员工作经历；
3.要求入住学生男生公寓；
4.服从学校工作安排；
5.面试时进行心理测试。",0571-28287027,1：4,是,服从学校工作安排,男
190,2026-shishu,杭州,杭州科技职业技术学院,思政辅导员2,,专业技术 十级以下,3,招聘普通高校2026年应届毕业生,硕士研究生以上,硕士以上,,,教育学类；心理学类；社会学类；哲学类；理论经济学类；法学类；政治学类；工商管理类；马克思主义理论类；中国史类；环境科学与工程类；精神病与精神卫生学专业；医学心理学专业；临床心理学专业,38周岁以下,,,,,中共党员（含预备党员）,笔试+面试,,,招聘普通高校2026年应届毕业生；大学期间具有院校主要学生干部经历，或担任高校专兼职辅导员工作满 1（学）年；要求入住学生公寓；面试时进行心理测试,,杭州科技职业技术学院,"1.中共党员（含预备党员）；
2.招聘普通高校2026年应届毕业生； 
3.大学期间具有院校主要学生干部经历，或担任高校专兼职辅导员工作满 1（学）年；
4.要求入住学生公寓；
5.服从学校工作安排；
6.面试时进行心理测试。",0571-28287027,1：4,是,服从学校工作安排,
191,2026-shishu,杭州,杭州职业技术大学,文字秘书,,专业技术 十二级以下,2,招聘普通高校2026年应届毕业生,硕士研究生以上,硕士以上,,,教育学类；法学类,38周岁以下,,,,,中共党员（含预备党员）,笔试+面试,,,招聘普通高校2026年应届毕业生,,杭州职业技术大学,"1.中共党员（含预备党员）；
2.招聘普通高校2026年应届毕业生。",0571-56700292,1：4,否,,
192,2026-shishu,杭州,杭州职业技术大学,图书馆馆员1,,专业技术 十二级以下,1,招聘普通高校2026年应届毕业生,硕士研究生以上,硕士以上,,,图书情报与档案管理类；管理科学与工程类,38周岁以下,,,,,中共党员（含预备党员）,笔试+面试,,,招聘普通高校2026年应届毕业生；工作地点为建德校区,,杭州职业技术大学,"1.中共党员（含预备党员）；
2.招聘普通高校2026年应届毕业生；
3.工作地点为建德校区。",0571-56700292,1：4,否,,
193,2026-shishu,杭州,杭州职业技术大学,图书馆馆员2,,专业技术 十二级以下,1,招聘普通高校2026年应届毕业生,硕士研究生以上,硕士以上,,,计算机科学与技术类；软件工程类；信息与通信工程类,38周岁以下,,,,,中共党员（含预备党员）,笔试+面试,,,招聘普通高校2026年应届毕业生；工作地点为建德校区,,杭州职业技术大学,"1.中共党员（含预备党员）；
2.招聘普通高校2026年应届毕业生；
3.工作地点为建德校区。",0571-56700292,1：4,否,,
194,2026-shishu,杭州,杭州职业技术大学,招标采购管理员,,专业技术 十二级以下,1,招聘普通高校2026年应届毕业生,硕士研究生以上,硕士以上,,,法学专业；审计专业；审计学专业；财务审计与风险管理专业；会计专业；会计学专业；财务学专业；财务管理专业；工程管理专业,38周岁以下,,,,,中共党员（含预备党员）,笔试+面试,,,招聘普通高校2026年应届毕业生,,杭州职业技术大学,"1.中共党员（含预备党员）；
2.招聘普通高校2026年应届毕业生。",0571-56700292,1：4,否,,
195,2026-shishu,杭州,杭州职业技术大学,辅导员1,,专业技术 十二级以下,1,招聘普通高校2026年应届毕业生,硕士研究生以上,硕士以上,,,专业不限,38周岁以下,,,,,中共党员（含预备党员）,笔试+面试,,,招聘普通高校2026年应届毕业生；要求入住女生公寓；在本科或研究生阶段有不少于1年学生干部任职经历；工作地点为建德校区,,杭州职业技术大学,"1.招聘普通高校2026年应届毕业生；
2.中共党员（含预备党员）；
3.要求入住女生公寓；
4.在本科或研究生阶段有不少于1年学生干部任职经历；
5.工作地点为建德校区。",0571-56700292,1：4,否,,女
196,2026-shishu,杭州,杭州职业技术大学,辅导员2,,专业技术 十二级以下,2,招聘普通高校2026年应届毕业生,硕士研究生以上,硕士以上,,,专业不限,38周岁以下,,,,,中共党员（含预备党员）,笔试+面试,,,招聘普通高校2026年应届毕业生；要求入住男生公寓；在本科或研究生阶段有不少于1年学生干部任职经历；工作地点为建德校区,,杭州职业技术大学,"1.招聘普通高校2026年应届毕业生；
2.中共党员（含预备党员）；
3.要求入住男生公寓；
4.在本科或研究生阶段有不少于1年学生干部任职经历；
5.工作地点为建德校区。",0571-56700292,1：4,否,,男
197,2026-shishu,杭州,杭州职业技术大学,辅导员3,,专业技术 十级以下,1,招聘普通高校2026年应届毕业生,博士研究生,博士,,,心理学类；精神病与精神卫生学专业；医学心理学专业；临床心理学专业,38周岁以下,,,,,中共党员（含预备党员）,笔试+面试,,,招聘普通高校2026年应届毕业生；要求入住女生公寓；工作地点为建德校区,,杭州职业技术大学,"1.中共党员（含预备党员）；
2.招聘普通高校2026年应届毕业生；
3.要求入住女生公寓；
4.工作地点为建德校区。",0571-56700292,1：4,否,,女
198,2026-shishu,杭州,杭州职业技术大学,辅导员4,,专业技术 十级以下,1,招聘普通高校2026年应届毕业生,博士研究生,博士,,,心理学类；精神病与精神卫生学专业；医学心理学专业；临床心理学专业,38周岁以下,,,,,中共党员（含预备党员）,笔试+面试,,,招聘普通高校2026年应届毕业生；要求入住男生公寓；工作地点为建德校区,,杭州职业技术大学,"1.中共党员（含预备党员）；
2.招聘普通高校2026年应届毕业生；
3.要求入住男生公寓；
4.工作地点为建德校区。",0571-56700292,1：4,否,,男
199,2026-shishu,杭州,杭州市企业综合服务中心（杭州市公共资源交易中心）,综合管理,,专业技术 十级以下,1,招聘普通高校2026年应届毕业生,硕士研究生以上,硕士以上,,,计算机科学与技术类；管理科学与工程类；工程管理类；土木工程类,38周岁以下,,,,,,笔试+面试,,,招聘普通高校2026年应届毕业生,,杭州市行政审批服务管理办公室,招聘普通高校2026年应届毕业生。,0571-89588614,1：4,否,,
200,2026-shishu,杭州,杭州市钱江新城建设管理委员会,财务管理,,专业技术 八级以下,1,,本科以上,学士以上,,工商管理类（限会计学、财务管理方向）；会计类,工商管理类（限会计学、财务管理方向）；会计类,38周岁以下,,,,,,笔试+面试,,,,,杭州市钱江新城建设管理委员会,具备岗位所需的专业能力和技能条件，具有较强的沟通协调能力。,0571-82928080,1：4,否,具备岗位所需的专业能力和技能条件，具有较强的沟通协调能力,
201,2026-shishu,杭州,杭州市钱江新城建设管理委员会,招商服务,,专业技术 八级以下,1,,硕士研究生以上,硕士以上,,,机械类；机械工程类；材料类；材料科学与工程类；电子信息类；电子科学与技术类；电气工程类；自动化类；生物医学工程类；生物工程类,38周岁以下,,,,,,笔试+面试,,,,,杭州市钱江新城建设管理委员会,具有较强的协调沟通能力、解决问题能力和语言文字表达能力。,0571-82928080,1：4,否,具有较强的协调沟通能力、解决问题能力和语言文字表达能力,
202,2026-shishu,杭州,杭州市西湖水域管理处,机械维修,,专业技术 十级以下,1,,本科以上,学士以上,,机械电子工程专业；电气工程及其自动化专业；电气工程与自动化专业,机械电子工程专业；电气工程及其自动化专业；电气工程与自动化专业,38周岁以下,,,,,,笔试+面试,,,工作24小时轮班制,,杭州西湖风景名胜区管理委员会,工作24小时轮班制。,0571-87025291,1：4,否,,
203,2026-shishu,杭州,杭州市西湖水域管理处,综合管理,,管理 九级以下,1,招聘普通高校2026年应届毕业生,硕士研究生以上,硕士以上,,,法学类,38周岁以下,,,,,,笔试+面试,,,招聘普通高校2026年应届毕业生；工作24小时轮班制,,杭州西湖风景名胜区管理委员会,"1.招聘普通高校2026年应届毕业生；
2.工作24小时轮班制。",0571-87025291,1：4,否,,
204,2026-shishu,杭州,杭州西湖风景名胜区灵隐管理处,景区管理1,,管理 九级以下,1,招聘普通高校2026年应届毕业生,本科以上,学士以上,,法学类；旅游管理类,法学类；旅游管理类,38周岁以下,,,,,,笔试+面试,,,招聘普通高校2026年应届毕业生,,杭州西湖风景名胜区管理委员会,"1.招聘普通高校2026年应届毕业生；
2.有较强的沟通协调和文字组织能力，能协助一线执法工作。",0571-87975625,1：4,否,有较强的沟通协调和文字组织能力，能协助一线执法工作,男
205,2026-shishu,杭州,杭州西湖风景名胜区灵隐管理处,景区管理2,,管理 九级以下,1,招聘普通高校2026年应届毕业生,本科以上,学士以上,,法学类；旅游管理类,法学类；旅游管理类,38周岁以下,,,,,,笔试+面试,,,招聘普通高校2026年应届毕业生,,杭州西湖风景名胜区管理委员会,"1.招聘普通高校2026年应届毕业生；
2.有较强的沟通协调和文字组织能力，能协助一线执法工作。",0571-87975625,1：4,否,有较强的沟通协调和文字组织能力，能协助一线执法工作,女
206,2026-shishu,杭州,杭州西湖风景名胜区岳庙管理处（连横纪念馆）,综合（应急）管理,,管理 九级以下,1,,本科以上,学士以上,,安全工程专业；安全工程技术专业；应急技术与管理专业；安全生产监管专业,安全工程专业；安全工程技术专业；应急技术与管理专业；安全生产监管专业,38周岁以下,,,,,,笔试+面试,,,,,杭州西湖风景名胜区管理委员会,无,0571-87978381,1：4,否,,
207,2026-shishu,杭州,杭州西湖风景名胜区岳庙管理处（连横纪念馆）,风景园林,,专业技术 十二级以下,1,招聘普通高校2026年应届毕业生,硕士研究生以上,硕士以上,,,风景园林专业；风景园林学专业,38周岁以下,,,,,,笔试+面试,,,招聘普通高校2026年应届毕业生；需要熟练掌握CAD、Photoshop等绘图软件，有较强手绘效果图能力,,杭州西湖风景名胜区管理委员会,"1.招聘普通高校2026年应届毕业生；
2.需要熟练掌握CAD、Photoshop等绘图软件，有较强手绘效果图能力。",0571-87978381,1：4,否,,
208,2026-shishu,杭州,杭州西湖风景名胜区钱江管理处,园林绿化管理,,专业技术 十级以下,1,,硕士研究生以上,硕士以上,,,风景园林类；风景园林学类；园林植物学专业；园林植物与观赏园艺专业,38周岁以下,,具有2年以上相关工作经历,,,,笔试+面试,,,从事户外高强度作业，需登高，适合男性报考,,杭州西湖风景名胜区管理委员会,"1.具有2年以上相关工作经历；
2.从事户外高强度作业，需登高，适合男性报考。",0571-86086079,1：4,否,,
209,2026-shishu,杭州,杭州西湖风景名胜区钱江管理处,历史建筑保护与管理,,专业技术 十级以下,1,,本科以上,学士以上,,古建筑工程专业；历史建筑保护工程专业；建筑遗产保护专业,古建筑工程专业；历史建筑保护工程专业；建筑遗产保护专业,38周岁以下,,,,,,笔试+面试,,,,,杭州西湖风景名胜区管理委员会,无,0571-86086079,1：4,否,,
210,2026-shishu,杭州,杭州西湖风景名胜区花港管理处,工程建设,,专业技术 十级以下,1,,本科以上,学士以上,,工程造价专业；土木工程专业,工程造价专业；土木工程专业,38周岁以下,,,,,,笔试+面试,,,从事户外作业，能胜任高强度作业，适合男性报考,,杭州西湖风景名胜区管理委员会,"1.需夜间值班；
2.从事户外作业，能胜任高强度作业，适合男性报考。",0571-87967639,1：4,否,需夜间值班,
211,2026-shishu,杭州,杭州西湖风景名胜区花港管理处,党建工作,,专业技术 十级以下,1,,本科以上,学士以上,,马克思主义理论类；中国语言文学类；政治学类；哲学类,马克思主义理论类；中国语言文学类；政治学类；哲学类,38周岁以下,,,,,中共党员（含预备党员）,笔试+面试,,,,,杭州西湖风景名胜区管理委员会,"1.中共党员（含预备党员）；
2.具有较强的写作能力。",0571-87967639,1：4,否,具有较强的写作能力,
212,2026-shishu,杭州,杭州西湖风景名胜区凤凰山管理处,工程管理,,专业技术 十二级以下,1,招聘普通高校2026年应届毕业生,本科以上,学士以上,,土木工程专业；给排水科学与工程专业；建筑电气与智能化专业；城乡规划专业；工程管理专业；建筑学专业,土木工程专业；给排水科学与工程专业；建筑电气与智能化专业；城乡规划专业；工程管理专业；建筑学专业,38周岁以下,,,,,,笔试+面试,,,招聘普通高校2026年应届毕业生；从事户外作业，能胜任高强度作业，适合男性报考,,杭州西湖风景名胜区管理委员会,"1.招聘普通高校2026年应届毕业生；
2.需夜间值班；
3.从事户外作业，能胜任高强度作业，适合男性报考。",0571-87156976,1：4,否,需夜间值班,
213,2026-shishu,杭州,杭州植物园（杭州西湖园林科学研究院）,园林园艺1,,专业技术 十二级以下,1,招聘普通高校2026年应届毕业生,硕士研究生以上,硕士以上,,,风景园林学专业；风景园林专业；园艺学类,38周岁以下,,,,,,笔试+面试,,,招聘普通高校2026年应届毕业生,,杭州西湖风景名胜区管理委员会,招聘普通高校2026年应届毕业生。,0571-87967868,1：4,否,,男
214,2026-shishu,杭州,杭州植物园（杭州西湖园林科学研究院）,园林园艺2,,专业技术 十二级以下,1,招聘普通高校2026年应届毕业生,硕士研究生以上,硕士以上,,,风景园林学专业；风景园林专业；园艺学类,38周岁以下,,,,,,笔试+面试,,,招聘普通高校2026年应届毕业生,,杭州西湖风景名胜区管理委员会,招聘普通高校2026年应届毕业生。,0571-87967868,1：4,否,,女
215,2026-shishu,杭州,杭州动物园（杭州少年儿童公园、杭州野生动物研究所）,动物保育,,专业技术 十级以下,3,,大专以上,无要求,,畜牧兽医专业；动物医学专业；饲料与动物营养专业；野生动物资源保护与利用专业；动物科学专业；动物医学专业；野生动物与自然保护区管理专业；动物学专业；畜牧学类；兽医学类,畜牧兽医专业；动物医学专业；饲料与动物营养专业；野生动物资源保护与利用专业；动物科学专业；动物医学专业；野生动物与自然保护区管理专业；动物学专业；畜牧学类；兽医学类,38周岁以下,,,,,,笔试+面试,,,,,杭州西湖风景名胜区管理委员会,大型动物饲养，需参与夜间值班、动物救护，能吃苦耐劳、责任心强，体力要求较高。,0571-87982361,1：4,否,大型动物饲养，需参与夜间值班、动物救护，能吃苦耐劳、责任心强，体力要求较高,
216,2026-shishu,杭州,杭州西湖博物馆总馆（西湖学研究院、杭州南宋官窑博物馆、唐云艺术馆）,艺术管理,,专业技术 十级以下,1,,硕士研究生以上,硕士以上,,,艺术管理专业；艺术学理论专业；美术史论专业；艺术学专业；美术专业；美术学专业；美术与书法专业,38周岁以下,,具备2年以上艺术展览、活动策划工作经历,,,,笔试+面试,,,,,杭州西湖风景名胜区管理委员会,"1.具备2年以上艺术展览、活动策划工作经历；
2.具备扎实的艺术功底，较强的分析解决问题能力、沟通协调能力。",0571-87882288,1：4,否,具备扎实的艺术功底，较强的分析解决问题能力、沟通协调能力,
217,2026-shishu,杭州,中国茶叶博物馆,综合管理,,专业技术 十级以下,1,,本科以上,学士以上,,会计专业；会计学专业；财务管理专业；审计专业；审计学专业,会计专业；会计学专业；财务管理专业；审计专业；审计学专业,38周岁以下,,具有3年以上会计或财务管理相关工作经历,,,,笔试+面试,,,,,杭州西湖风景名胜区管理委员会,具有3年以上会计或财务管理相关工作经历。,0571-87964221,1：4,否,,
218,2026-shishu,杭州,杭州西湖世界文化遗产监测管理中心,遗产保护,,专业技术 十级以下,1,,硕士研究生以上,硕士以上,,,城乡规划学专业；城市规划与设计专业；城市与区域规划专业；风景园林规划与设计专业；建筑遗产保护专业；科学技术史专业,38周岁以下,,具有1年以上城市规划或遗产保护工作经历,,,,笔试+面试,,,,,杭州西湖风景名胜区管理委员会,具有1年以上城市规划或遗产保护工作经历。,0571-87882257,1：4,否,,
219,2026-shishu,杭州,杭州西湖风景名胜区综合事务保障中心,接待讲解,,管理 九级以下,1,,本科以上,学士以上,,外国语言文学类,外国语言文学类,38周岁以下,,,具有二级乙等及以上普通话等级证书；具有全国翻译专业资格（水平）CATTI三级（口/笔译）及以上证书,,,笔试+面试,,,,,杭州西湖风景名胜区管理委员会,"1.具有二级乙等及以上普通话等级证书；
2.具有全国翻译专业资格（水平）CATTI三级（口/笔译）及以上证书。",0571-89586847,1：4,否,,
220,2026-shishu,杭州,杭州西湖风景名胜区城市管理保障中心（杭州西湖风景名胜区环境监测中心）,综合管理,,专业技术 十二级以下,1,招聘普通高校2026年应届毕业生,硕士研究生以上,硕士以上,,,会计专业；会计学专业；审计专业；审计学专业；财务管理专业；财务学专业；财务审计与风险管理专业,38周岁以下,,,,,,笔试+面试,,,招聘普通高校2026年应届毕业生,,杭州西湖风景名胜区管理委员会,招聘普通高校2026年应届毕业生。,0571-87991804,1：4,否,,
221,2026-shishu,杭州,西湖街道社区卫生服务中心,针灸推拿医生,,专业技术 八级以下,1,,本科以上,学士以上,,针灸推拿学专业；中医学专业,针灸推拿学专业；中医学专业,38周岁以下,,具有1年以上针灸推拿工作经历,具有执业医师从业资格证，执业注册范围为中医专业或针灸科专业,,,笔试+面试,,,取得住院医师规范化培训合格证,,杭州西湖风景名胜区管理委员会,"1.具有执业医师从业资格证，执业注册范围为中医专业或针灸科专业；
2.取得住院医师规范化培训合格证；
3.具有1年以上针灸推拿工作经历。",0571-87998457,1：4,否,,
222,2026-shishu,杭州,西湖街道社区卫生服务中心,公卫医生,,专业技术 八级以下,1,,本科以上,学士以上,,预防医学专业；流行病与卫生统计学专业,预防医学专业；流行病与卫生统计学专业,38周岁以下,,,具有执业医师从业资格证，执业注册范围为预防医学专业,,,笔试+面试,,,,,杭州西湖风景名胜区管理委员会,具有执业医师从业资格证，执业注册范围为预防医学专业。,0571-87998457,1：4,否,,
