岗位代码,批次,城市,招聘单位,工作部门,岗位职责,岗位等级,招聘人数,考生类别,学历要求,学位要求,专业要求(大专),专业要求(本科),专业要求(研究生),年龄,放宽年龄(硕士),工作经历,资格证书,职称要求,政治面貌,考试方式,专项招聘对象,户籍要求,其他条件,链接,单位代码,开考比例,其他条件原文,咨询电话,性别要求,工作要求（不影响报考）
101-001,2026-shishu,苏州,苏州市社会科学院,经济研究所科研人员,日常研究及其他相关工作,经济类（统计及其他）,1,2026年毕业生,博士研究生,,,,经济类,,,,,,,笔试+面试,,,,,101,2,2026年毕业生，具有相应学位，男性,68617356,男,
101-002,2026-shishu,苏州,苏州市社会科学院,经济研究所科研人员,日常研究及其他相关工作,经济类（统计及其他）,1,2026年毕业生,博士研究生,,,,经济类,,,,,,,笔试+面试,,,,,101,2,2026年毕业生，具有相应学位，女性,68617356,女,
102-003,2026-shishu,苏州,苏州市社会工作发展促进中心,科员,财务管理、综合行政管理等工作,管理类,1,2026年毕业生,本科以上,,,法律类，财务财会类,法律类，财务财会类,,,,,,,笔试+面试,,,,,102,3,2026年毕业生，具有相应学位,68615781,,
102-004,2026-shishu,苏州,苏州市社会工作发展促进中心,科员,社工人才队伍建设、课题调研等工作,管理类,1,,本科以上,,,社会学，社会工作，社会工作与管理,社会学，社会工作，社会工作与管理,,,2年及以上工作经历,,,,笔试+面试,,,,,102,3,具有相应学位，2年及以上工作经历,68615781,,
103-005,2026-shishu,苏州,苏州市网络安全应急指挥中心,科员,综合协调、文电运转、网络内容管理、文稿起草等工作,管理类,1,,本科以上,,,中文文秘类，法律类，社会政治类，经济类，公共管理类,中文文秘类，法律类，社会政治类，经济类，公共管理类,,,2年及以上工作经历，需长期参与夜间及节假日值班,,,,笔试+面试,,,,,103,3,具有相应学位，2年及以上工作经历，需长期参与夜间及节假日值班，男性,68610242,男,
103-006,2026-shishu,苏州,苏州市网络安全应急指挥中心,科员,综合协调、文电运转、网络内容管理、文稿起草等工作,管理类,1,,本科以上,,,中文文秘类，法律类，社会政治类，经济类，公共管理类,中文文秘类，法律类，社会政治类，经济类，公共管理类,,,2年及以上工作经历，需长期参与夜间及节假日值班,,,,笔试+面试,,,,,103,3,具有相应学位，2年及以上工作经历，需长期参与夜间及节假日值班，女性,68610242,女,
103-007,2026-shishu,苏州,苏州市网络安全应急指挥中心,助理工程师,网络安全管理、网络运行技术保障等有关工作,计算机类,1,2026年毕业生,本科以上,,,计算机类,计算机类,,,,,,,笔试+面试,,,,,103,3,2026年毕业生，具有相应学位，需长期参与夜间及节假日值班,68610242,,需长期参与夜间及节假日值班
104-008,2026-shishu,苏州,苏州市纪委监委机关审查调查管理中心,科员,监督检查、审查调查相关业务服务保障,管理类,1,,硕士研究生以上,,,,法律类,,,,国家法律职业资格证书（A类）,,中共党员,笔试+面试,,,本科段须为法律类专业并取得相应学位,,104,3,具有相应学位，本科段须为法律类专业并取得相应学位，国家法律职业资格证书（A类），中共党员，需值夜班，适合男性,68616912,男,需值夜班
104-009,2026-shishu,苏州,苏州市纪委监委机关审查调查管理中心,科员,监督检查、审查调查相关业务服务保障,管理类,1,,硕士研究生以上,,,,中文文秘类，社会政治类,,,,,,中共党员，需值夜班,笔试+面试,,,,,104,3,具有相应学位，中共党员，需值夜班，适合男性,68616912,男,
105-010,2026-shishu,苏州,苏州市廉政信息中心,科员,监督检查、审查调查相关业务服务保障,管理类,1,,硕士研究生以上,,,,财务财会类,,,,,会计系列中级及以上职称,中共党员,笔试+面试,,,,,105,3,具有相应学位，会计系列中级及以上职称，中共党员，需值夜班，适合男性,68616912,男,需值夜班
106-011,2026-shishu,苏州,苏州市发展规划研究院,研究员,研究报告撰写,专业技术其他类,1,,博士研究生,,,,城建规划类,,,,,,,笔试+面试,,,,,106,2,具有相应学位,68616941,,
107-012,2026-shishu,苏州,苏州市软件和信息服务业办公室,科员,软件和信息服务业产业发展工作,管理类,1,2026年毕业生,硕士研究生以上,,,,计算机类,,,,,,,笔试+面试,,,本科段须为计算机类专业并取得相应学位,,107,3,2026年毕业生，具有相应学位，本科段须为计算机类专业并取得相应学位,68616231,,
108-013,2026-shishu,苏州,苏州市企业服务中心,企业服务专员,大数据分析和企业服务,计算机类,1,2026年毕业生,硕士研究生以上,,,,计算机类,,,,,,,笔试+面试,,,,,108,3,2026年毕业生，具有相应学位,65213439,,
109-014,2026-shishu,苏州,江苏省苏州中学园区校,校医,卫生相关工作,专业技术其他类,1,,本科以上,,,医学类，公共卫生类,医学类，公共卫生类,,,,,,,笔试+面试,,,临床医学类、公共卫生类或中医类执业医师资格证或执业医师资格考试成绩合格证明，需值夜班，假期轮流值班,,109,3,具有相应学位，临床医学类、公共卫生类或中医类执业医师资格证或执业医师资格考试成绩合格证明，需值夜班，假期轮流值班,62530366,,
110-015,2026-shishu,苏州,江苏省苏州第一中学校,校医,卫生相关工作,专业技术其他类,1,,本科以上,,,医学类,医学类,,,2年及以上工作经历,临床医学类执业医师资格证,,,笔试+面试,,,,,110,3,具有相应学位，2年及以上工作经历，临床医学类执业医师资格证，需值班,89171988,,需值班
111-016,2026-shishu,苏州,苏州市立达中学校,会计,财务工作,经济类（会计、审计）,1,,硕士研究生以上,,,,财务财会类,,,,,,,笔试+面试,,,本科段须为财务财会类专业并取得相应学位,,111,3,具有相应学位，本科段须为财务财会类专业并取得相应学位,65196755,,
112-017,2026-shishu,苏州,苏州市沧浪中学校,会计,财务工作,经济类（会计、审计）,1,,本科以上,,,财务财会类,财务财会类,,,,,,,笔试+面试,,,研究生报考的本科段须为财务财会类专业并取得相应学位,,112,3,具有相应学位，研究生报考的本科段须为财务财会类专业并取得相应学位,66095600,,
113-018,2026-shishu,苏州,苏州市星惠学校,会计,财务工作,经济类（会计、审计）,1,,本科以上,,,财务财会类,财务财会类,,,5年及以上工作经历,,会计系列中级及以上职称,,笔试+面试,,,,,113,3,具有相应学位，5年及以上工作经历，会计系列中级及以上职称,67796333,,
114-019,2026-shishu,苏州,苏州建设交通高等职业技术学校,校医,卫生相关工作,专业技术其他类,1,,本科以上,,,医学类，公共卫生类,医学类，公共卫生类,,,,临床医学类、公共卫生类或中医类执业医师资格证或执业医师资格考试成绩合格证明,,,笔试+面试,,,,,114,3,具有相应学位，临床医学类、公共卫生类或中医类执业医师资格证或执业医师资格考试成绩合格证明,66503306,,
115-020,2026-shishu,苏州,苏州市电化教育馆,工程师,教育信息化工作（计算机与网络方向）,计算机类,1,2026年毕业生,硕士研究生以上,,,,计算机（网络管理）类,,,,,,,笔试+面试,,,,,115,3,2026年毕业生，具有相应学位,65104902,,
115-021,2026-shishu,苏州,苏州市电化教育馆,工程师,教育信息化工作（人工智能方向）,计算机类,1,2026年毕业生,硕士研究生以上,,,,人工智能，模式识别与智能系统，智能科学与技术，机器人工程,,,,,,,笔试+面试,,,,,115,3,2026年毕业生，具有相应学位,65104902,,
116-022,2026-shishu,苏州,苏州市教育考试院,会计,财务工作,经济类（会计、审计）,1,2026年毕业生,硕士研究生以上,,,,财务财会类,,,,,,,笔试+面试,,,,,116,3,2026年毕业生，具有相应学位，本科段须为财务财会类专业并取得相应学位，需值夜班,68287569,,本科段须为财务财会类专业并取得相应学位，需值夜班
117-023,2026-shishu,苏州,苏州市教育质量监测中心,教育测评研究员,教育测评数据统计与分析,专业技术其他类,1,2026年毕业生,博士研究生,,,,数学，基础数学，计算数学，应用数学,,,,,,,笔试+面试,,,本科及硕士研究生阶段均须为教育类或统计类专业并取得相应学位,,117,2,2026年毕业生，具有相应学位，本科及硕士研究生阶段均须为教育类或统计类专业并取得相应学位,87660122,,
118-024,2026-shishu,苏州,苏州市学校管理中心,科员,教育系统信访法治化等工作,管理类,1,2026年毕业生,硕士研究生以上,,,,法律类,,,,,,,笔试+面试,,,本科段须为法律类专业并取得相应学位，国家法律职业资格证书（A类）,,118,3,2026年毕业生，具有相应学位，本科段须为法律类专业并取得相应学位，国家法律职业资格证书（A类）,65212071,,
119-025,2026-shishu,苏州,苏州市生产力促进中心,技术员,信息化建设，平台运行维护，数据资源采集，数据统计分析,计算机类,1,,硕士研究生,,,,计算机类,,,2年及以上工作经历，本科段须为计算机类专业并取得相应学位，大学英语六级,,,,笔试+面试,,,,,119,3,具有相应学位，2年及以上工作经历，本科段须为计算机类专业并取得相应学位，大学英语六级,65153310,,
119-026,2026-shishu,苏州,苏州市生产力促进中心,技术员,科技企业资质管理服务，企业创新数据统计及分析，企业创新需求挖掘及协调解决,计算机类,1,,硕士研究生,,,,电子信息类,,,,,,,笔试+面试,,,本科段须为电子信息类专业并取得相应学位，大学英语六级,,119,3,具有相应学位，本科段须为电子信息类专业并取得相应学位，大学英语六级,65153310,,
119-027,2026-shishu,苏州,苏州市生产力促进中心,技术员,科技企业资质管理服务，企业创新数据统计及分析，企业创新需求挖掘及协调解决,经济类（统计及其他）,1,2026年毕业生,硕士研究生,,,,经济类，统计类,,,,,,,笔试+面试,,,本科段须为经济类或统计类专业并取得相应学位，大学英语六级,,119,3,2026年毕业生，具有相应学位，本科段须为经济类或统计类专业并取得相应学位，大学英语六级,65153310,,
120-028,2026-shishu,苏州,苏州市科技服务中心,分析研究员,科技项目管理,计算机类,1,2026年毕业生,硕士研究生以上,,,,计算机（软件）类，电子信息类,,,,,,,笔试+面试,,,本科段须为计算机（软件）类或电子信息类专业并取得相应学位,,120,3,2026年毕业生，具有相应学位，本科段须为计算机（软件）类或电子信息类专业并取得相应学位,65230825,,
120-029,2026-shishu,苏州,苏州市科技服务中心,分析研究员,科技项目管理,计算机类,1,,硕士研究生以上,,,,计算机（软件）类，电子信息类,,,2年及以上工作经历，本科段须为计算机（软件）类或电子信息类专业并取得相应学位,,,,笔试+面试,,,,,120,3,具有相应学位，2年及以上工作经历，本科段须为计算机（软件）类或电子信息类专业并取得相应学位,65230825,,
121-030,2026-shishu,苏州,苏州市新市民事务中心,信息技术员,新市民服务管理信息化建设与运维,计算机类,1,,本科以上,,,计算机（软件）类,计算机（软件）类,,,,,,,笔试+面试,,,,,121,3,具有相应学位,65228553,,
122-031,2026-shishu,苏州,苏州市社会福利总院,科员,"公共卫生
管理",管理类,1,2026年毕业生,本科以上,,,公共卫生类,公共卫生类,,,,,,,笔试+面试,,,,,122,3,2026年毕业生，具有相应学位,67232450,,
122-032,2026-shishu,苏州,苏州市社会福利总院,营养师,服务对象营养评估、营养配餐（食谱编制）,专业技术其他类,1,2026年毕业生,硕士研究生以上,,,,食品工程类,,,,,,,笔试+面试,,,本科段须为食品工程类专业并取得相应学位,,122,3,2026年毕业生，具有相应学位，本科段须为食品工程类专业并取得相应学位,67232450,,
122-033,2026-shishu,苏州,苏州市社会福利总院,护士,临床护理,专业技术其他类,1,2026年毕业生,本科以上,,,护理，护理学，高级护理，涉外护理,护理，护理学，高级护理，涉外护理,,,,,,,笔试+面试,,,,,122,3,2026年毕业生，具有相应学位,67232450,,
123-034,2026-shishu,苏州,苏州市殡仪馆,遗体整容师,遗体整容、火化等一线服务,专业技术其他类,1,,大专,,现代殡仪技术与管理，现代殡葬技术与管理,,,,,,,,,笔试+面试,,,,,123,3,男性,66202908,男,
123-035,2026-shishu,苏州,苏州市殡仪馆,遗体整容师,遗体整容、火化等一线服务,专业技术其他类,1,,大专,,现代殡仪技术与管理，现代殡葬技术与管理,,,,,,,,,笔试+面试,,,,,123,3,女性,66202908,女,
124-036,2026-shishu,苏州,苏州市民政综合服务中心,科员,政策研究、综合管理,管理类,1,2026年毕业生,硕士研究生以上,,,,社会政治类,,,,,,,笔试+面试,,,,,124,3,2026年毕业生，具有相应学位,68213703,,
125-037,2026-shishu,苏州,苏州仲裁委员会秘书处,仲裁秘书,仲裁案件程序管理,管理类,1,2026年毕业生,硕士研究生,,,,民商法学，诉讼法，诉讼法学，经济法，经济法学，国际法学（含：国际私法、国际经济法），知识产权法学，知识产权,,,,国家法律职业资格证书（A类）,,,笔试+面试,,,,,125,3,2026年毕业生，具有相应学位，国家法律职业资格证书（A类），男性,"68701374、
65229313",男,
125-038,2026-shishu,苏州,苏州仲裁委员会秘书处,仲裁秘书,仲裁案件程序管理,管理类,1,2026年毕业生,硕士研究生,,,,民商法学，诉讼法，诉讼法学，经济法，经济法学，国际法学（含：国际私法、国际经济法），知识产权法学，知识产权,,,,国家法律职业资格证书（A类）,,,笔试+面试,,,,,125,3,2026年毕业生，具有相应学位，国家法律职业资格证书（A类），女性,"68701374、
65229313",女,
126-039,2026-shishu,苏州,苏州市行政事业性资产管理中心（苏州市财会发展中心）,技术员,资产相关工作,专业技术其他类,1,,本科以上,,,建筑工程类,建筑工程类,,,5年及以上工作经历,中华人民共和国造价工程师执业资格证书（一级）,相应专业系列副高及以上职称,,笔试+面试,,,,,126,3,具有相应学位，5年及以上工作经历，相应专业系列副高及以上职称，中华人民共和国造价工程师执业资格证书（一级）,68616878,,
127-040,2026-shishu,苏州,江苏省苏州技师学院,教师,工业机器人、工业互联网应用等相关课程教学、竞赛及其他工作,专业技术其他类,1,,硕士研究生以上,,,,机器人工程，智能制造技术，智能科学与技术，人工智能，电工理论与新技术，控制科学与工程，控制理论与控制工程，控制工程,,,,,,,笔试+面试,,,本科段须为机电控制类或电子信息类专业并取得相应学位,,127,3,具有相应学位，本科段须为机电控制类或电子信息类专业并取得相应学位,68717569,,
127-041,2026-shishu,苏州,江苏省苏州技师学院,教师,语文课程教学及其他工作,专业技术其他类,1,2026年毕业生,硕士研究生以上,,,,语言学及应用语言学，汉语言文字学，中国古代文学，中国现当代文学，中国语言文学，中国文学与文化，学科教学（语文）,,,,,,,笔试+面试,,,本科段须为中文文秘类专业并取得相应学位，高级中学或中等职业学校教师资格证,,127,3,2026年毕业生，具有相应学位，本科段须为中文文秘类专业并取得相应学位，高级中学或中等职业学校教师资格证,68717569,,
128-042,2026-shishu,苏州,苏州市工伤认定和劳动能力鉴定中心,科员,工伤认定及其他事务性工作,管理类,1,,硕士研究生以上,,,,法律类,,,,,,,笔试+面试,,,本科段须为法律类专业并取得相应学位，国家法律职业资格证书（A类）,,128,3,具有相应学位，本科段须为法律类专业并取得相应学位，国家法律职业资格证书（A类）,66090267,,
129-043,2026-shishu,苏州,苏州市人民政府房屋征收办公室,技术员,房屋征收拆迁,专业技术其他类,1,,硕士研究生,,,,岩土工程，结构工程，市政工程，建筑与土木工程，土木工程、工程力学,,,2年及以上工作经历,,,,笔试+面试,,,,,129,3,具有相应学位，2年及以上工作经历,65186278,,
130-044,2026-shishu,苏州,苏州市房地产市场和交易管理中心,技术员,房源交易核验,专业技术其他类,1,2026年毕业生,硕士研究生以上,,,,建筑，建筑设计及其理论，建筑技术科学，建筑学，建筑与土木工程，土木工程，工程管理,,,,,,,笔试+面试,,,,,130,3,2026年毕业生，具有相应学位,65247381,,
131-045,2026-shishu,苏州,苏州市市政建设管理中心,工程技术员,市政基础设施工程建设,专业技术其他类,1,2026年毕业生,硕士研究生以上,,,,岩土工程，结构工程，市政工程，建筑与土木工程，土木工程，工程力学，桥梁与隧道工程，道路与铁道工程,,,,,,,笔试+面试,,,,,131,3,2026年毕业生，具有相应学位,65221957,,
131-046,2026-shishu,苏州,苏州市市政建设管理中心,工程技术员,市政基础设施工程建设,专业技术其他类,1,,硕士研究生以上,,,,岩土工程，结构工程，市政工程，建筑与土木工程，土木工程，工程力学，桥梁与隧道工程，道路与铁道工程,,,,,,,笔试+面试,,,,,131,3,具有相应学位,65221957,,
132-047,2026-shishu,苏州,苏州市城乡建设档案馆,技术员,工程档案接收与质量检查,专业技术其他类,1,2026年毕业生,硕士研究生以上,,,,岩土工程，结构工程，市政工程，建筑与土木工程，土木工程，工程力学,,,,,,,笔试+面试,,,,,132,3,2026年毕业生，具有相应学位,68550050,,
133-048,2026-shishu,苏州,苏州市房屋安全鉴定管理处,技术员,房屋安全鉴定,专业技术其他类,1,,硕士研究生,,,,岩土工程，结构工程，市政工程，建筑与土木工程，土木工程、工程力学,,,,,,,笔试+面试,,,本科段须为建筑工程类专业并取得相应学位,,133,3,具有相应学位，本科段须为建筑工程类专业并取得相应学位,65111413,,
134-049,2026-shishu,苏州,苏州市市政管理中心,技术员,市政工作,专业技术其他类,1,2026年毕业生,硕士研究生以上,,,,市政工程，道路与铁道工程,,,,,,,笔试+面试,,,,,134,3,2026年毕业生，具有相应学位,65238659,,
135-050,2026-shishu,苏州,苏州市环境卫生管理处,技术员,环卫信息化系统的建设运营,计算机类,1,2026年毕业生,硕士研究生以上,,,,计算机类,,,,,,,笔试+面试,,,,,135,3,2026年毕业生，具有相应学位,65104916,,
135-051,2026-shishu,苏州,苏州市环境卫生管理处,技术员,环境卫生工作,专业技术其他类,1,2026年毕业生,本科以上,,,环境工程，环境科学，环境科学与工程，资源与环境，环境监察，资源环境科学，资源循环科学与工程，资源环境与城乡规划管理，资源环境大数据工程,环境工程，环境科学，环境科学与工程，资源与环境，环境监察，资源环境科学，资源循环科学与工程，资源环境与城乡规划管理，资源环境大数据工程,,,,,,,笔试+面试,,,,,135,3,2026年毕业生，具有相应学位,65104916,,
136-052,2026-shishu,苏州,苏州市地下管线和道路停车管理所,技术员,管线（管廊）、停车设施、共享单车信息化建设维护,专业技术其他类,1,2026年毕业生,本科以上,,,计算机（软件）类,计算机（软件）类,,,,,,,笔试+面试,,,,,136,3,2026年毕业生，具有相应学位,68707995,,
137-053,2026-shishu,苏州,苏州市交通运输综合行政执法支队,科员,道路交通综合执法,管理类,1,2026年毕业生,硕士研究生以上,,,,交通工程类,,,,,,,笔试+面试,,,一线执法,,137,3,2026年毕业生，具有相应学位，一线执法，适合男性,65820269,男,
137-054,2026-shishu,苏州,苏州市交通运输综合行政执法支队,科员,道路交通综合执法,管理类,1,2026年毕业生,硕士研究生以上,,,,法律类,,,,,,,笔试+面试,,,本科段须为法律类专业并取得相应学位，一线执法,,137,3,2026年毕业生，具有相应学位，本科段须为法律类专业并取得相应学位，一线执法，适合男性,65820269,男,
137-055,2026-shishu,苏州,苏州市交通运输综合行政执法支队,科员,水上交通综合执法,管理类,1,2026年毕业生,硕士研究生以上,,,,船舶工程类,,,,,,,笔试+面试,,,一线执法,,137,3,2026年毕业生，具有相应学位，一线执法，适合男性,65820269,男,
137-056,2026-shishu,苏州,苏州市交通运输综合行政执法支队,科员,水上交通综合执法,管理类,1,2026年毕业生,硕士研究生以上,,,,航道港口类,,,,,,,笔试+面试,,,一线执法,,137,3,2026年毕业生，具有相应学位，一线执法，适合男性,65820269,男,
137-057,2026-shishu,苏州,苏州市交通运输综合行政执法支队,科员,低空交通行业监管,管理类,1,2026年毕业生,本科以上,,,兵工宇航类,兵工宇航类,,,,,,,笔试+面试,,,一线执法,,137,3,2026年毕业生，具有相应学位，一线执法，适合男性,65820269,男,
137-058,2026-shishu,苏州,苏州市交通运输综合行政执法支队,科员,财务管理,管理类,1,2026年毕业生,本科以上,,,财务财会类,财务财会类,,,,,,,笔试+面试,,,,,137,3,2026年毕业生，具有相应学位,65820269,,
137-059,2026-shishu,苏州,苏州市交通运输综合行政执法支队,科员,数据分析,管理类,1,2026年毕业生,硕士研究生以上,,,,统计类,,,,,,,笔试+面试,,,,,137,3,2026年毕业生，具有相应学位,65820269,,
138-060,2026-shishu,苏州,苏州市公路事业发展中心,工程师,公路工程建设,专业技术其他类,1,2026年毕业生,硕士研究生,,,,交通工程类,,,,,,,笔试+面试,,,,,138,3,2026年毕业生，具有相应学位,68110306,,
139-061,2026-shishu,苏州,苏州市港航事业发展中心,信息技术员,港航信息化建设管理,计算机类,1,2026年毕业生,硕士研究生,,,,计算机类,,,,,,,笔试+面试,,,,,139,3,2026年毕业生，具有相应学位,68150856,,
139-062,2026-shishu,苏州,苏州市港航事业发展中心,船艇驾驶员,公务船艇驾驶及其他工作,专业技术其他类,1,,本科以上,,,航海技术，轮机工程，救助与打捞工程，轮机工程技术,航海技术，轮机工程，救助与打捞工程，轮机工程技术,,,,内河船舶二类驾驶员及以上（中华人民共和国船舶船员适任）证书，需一线作业,,,笔试+面试,,,,,139,3,具有相应学位，内河船舶二类驾驶员及以上（中华人民共和国船舶船员适任）证书，需一线作业，适合男性,68150856,男,
139-063,2026-shishu,苏州,苏州市港航事业发展中心,港航工程技术员,港航工程建设、管理等工作,专业技术其他类,2,2026年毕业生,硕士研究生,,,,航道港口类,,,,,,,笔试+面试,,,长期派驻工程一线,,139,3,2026年毕业生，具有相应学位，长期派驻工程一线，适合男性,68150856,男,
140-064,2026-shishu,苏州,苏州市交通工程质量监督站,工程师,交通工程质量安全监督,专业技术其他类,1,2026年毕业生,硕士研究生,,,,道路与铁道工程，桥梁与隧道工程，港口、海岸及近海工程，结构工程,,,,,,,笔试+面试,,,本科段须为交通工程类专业并取得相应学位,,140,3,2026年毕业生，具有相应学位，本科段须为交通工程类专业并取得相应学位,68125912,,
141-065,2026-shishu,苏州,苏州市邮政业安全发展中心,信息技术员,信息化工作,计算机类,1,,硕士研究生以上,,,,计算机（网络管理）类，电子信息类,,,,,,,笔试+面试,,,,,141,3,具有相应学位，需参与夜间安全值守及业务外出，适合男性,68139570,男,需参与夜间安全值守及业务外出
142-066,2026-shishu,苏州,苏州市水利工程管理处,科员,财务管理,管理类,1,,本科以上,,,财务财会类，审计类,财务财会类，审计类,,,,,,,笔试+面试,,,研究生报考的本科段须为财务财会类或审计类专业并取得相应学位,,142,3,具有相应学位，研究生报考的本科段须为财务财会类或审计类专业并取得相应学位,68850089,,
143-067,2026-shishu,苏州,苏州市供排水管理处,技术员,供排水水质检测、采样、实验室管理等工作,专业技术其他类,1,2026年毕业生,本科以上,,,无机化学，化学工艺，应用化学，分析化学，有机化学，化学,无机化学，化学工艺，应用化学，分析化学，有机化学，化学,,,,,,,笔试+面试,,,需野外采样作业,,143,3,2026年毕业生，具有相应学位，需野外采样作业,68284740,,
144-068,2026-shishu,苏州,苏州市外事翻译中心,翻译,英语翻译,专业技术其他类,1,,硕士研究生,,,,英语语言文学，外国语言学及应用语言学，学科教学（英语），翻译，英语口译，英语笔译，外国语言文学,,,,,,,笔试+面试,,,本科段须为英语相关专业并取得相应学位，英语专业八级证书,,144,3,具有相应学位，本科段须为英语相关专业并取得相应学位，英语专业八级证书，男性,65108817,男,
144-069,2026-shishu,苏州,苏州市外事翻译中心,翻译,英语翻译,专业技术其他类,1,,硕士研究生,,,,英语语言文学，外国语言学及应用语言学，学科教学（英语），翻译，英语口译，英语笔译，外国语言文学,,,,,,,笔试+面试,,,本科段须为英语相关专业并取得相应学位，英语专业八级证书,,144,3,具有相应学位，本科段须为英语相关专业并取得相应学位，英语专业八级证书，女性,65108817,女,
145-070,2026-shishu,苏州,苏州市便民服务中心,网络技术员,信息化建设与管理工作,计算机类,1,,硕士研究生以上,,,,计算机类,,,,,,,笔试+面试,,,本科段须为计算机类专业并取得相应学位，大学英语四级,,145,3,具有相应学位，本科段须为计算机类专业并取得相应学位，大学英语四级,65202466,,
146-071,2026-shishu,苏州,苏州市规划展示馆,科员,地质资料汇交、研究、社会化服务等综合管理工作,管理类,1,2026年毕业生,硕士研究生,,,,地质矿产类,,,,,,,笔试+面试,,,本科段须为地质矿产类专业并取得相应学位,,146,3,2026年毕业生，具有相应学位，本科段须为地质矿产类专业并取得相应学位,68656079,,
147-072,2026-shishu,苏州,苏州市环境监测站,工程师,大气监测、数据模型分析,专业技术其他类,1,,硕士研究生以上,,,,大气物理学与大气环境，大气科学，气象学，遥感科学与技术,,,,,,,笔试+面试,,,需登高作业及夜间应急环境监测,,147,3,具有相应学位，需登高作业及夜间应急环境监测,62701933,,
148-073,2026-shishu,苏州,苏州市张家港环境监测站,科员,环境综合报告编写、环境监测信息撰写、环境技术档案管理,管理类,1,2026年毕业生,本科以上,,,环境保护类,环境保护类,,,,,,,笔试+面试,,,研究生报考的本科段须为环境保护类专业并取得相应学位,,148,3,2026年毕业生，具有相应学位，研究生报考的本科段须为环境保护类专业并取得相应学位,58986195,,
149-074,2026-shishu,苏州,苏州市常熟环境监测站,工程师,监测分析,专业技术其他类,1,2026年毕业生,本科以上,,,环境保护类，化学工程类,环境保护类，化学工程类,,,,,,,笔试+面试,,,研究生报考的本科段须为环境保护类或化学工程类专业并取得相应学位,,149,3,2026年毕业生，具有相应学位，研究生报考的本科段须为环境保护类或化学工程类专业并取得相应学位,52814642,,
150-075,2026-shishu,苏州,苏州市昆山环境监测站,工程师,环境监测,专业技术其他类,1,2026年毕业生,本科以上,,,环境保护类，化学工程类,环境保护类，化学工程类,,,,,,,笔试+面试,,,研究生报考的本科段须为环境保护类或化学工程类专业并取得相应学位，需登高作业及夜间应急环境监测,,150,3,2026年毕业生，具有相应学位，研究生报考的本科段须为环境保护类或化学工程类专业并取得相应学位，需登高作业及夜间应急环境监测,55232797,,
151-076,2026-shishu,苏州,苏州国家高新技术产业开发区（虎丘）生态环境综合行政执法局,工程师,生态环境综合调查,专业技术其他类,1,2026年毕业生,本科以上,,,环境保护类，化学工程类,环境保护类，化学工程类,,,,,,,笔试+面试,,,研究生报考的本科段须为环境保护类或化学工程类专业并取得相应学位，需登高作业及夜间应急环境监测,,151,3,2026年毕业生，具有相应学位，研究生报考的本科段须为环境保护类或化学工程类专业并取得相应学位，需登高作业及夜间应急环境监测，男性,66672412,男,
151-077,2026-shishu,苏州,苏州国家高新技术产业开发区（虎丘）生态环境综合行政执法局,工程师,生态环境综合调查,专业技术其他类,1,2026年毕业生,本科以上,,,环境保护类，化学工程类,环境保护类，化学工程类,,,,,,,笔试+面试,,,研究生报考的本科段须为环境保护类或化学工程类专业并取得相应学位，需登高作业及夜间应急环境监测,,151,3,2026年毕业生，具有相应学位，研究生报考的本科段须为环境保护类或化学工程类专业并取得相应学位，需登高作业及夜间应急环境监测，女性,66672412,女,
152-078,2026-shishu,苏州,苏州国家高新技术产业开发区（虎丘）环境监测站,工程师,环境监测,专业技术其他类,1,,本科以上,,,环境保护类，化学工程类,环境保护类，化学工程类,,,,,,,笔试+面试,,,研究生报考的本科段须为环境保护类或化学工程类专业并取得相应学位，需登高作业及夜间应急环境监测,,152,3,具有相应学位，研究生报考的本科段须为环境保护类或化学工程类专业并取得相应学位，需登高作业及夜间应急环境监测,66672401,,
153-079,2026-shishu,苏州,苏州市自主择业转业军官管理办公室,科员,法律及综合管理工作,管理类,1,2026年毕业生,硕士研究生以上,,,,法律类,,,,国家法律职业资格证书（A类）,,,笔试+面试,,,,,153,3,2026年毕业生，具有相应学位，国家法律职业资格证书（A类）,68707021,,
153-080,2026-shishu,苏州,苏州市自主择业转业军官管理办公室,技术员,信息化工作,计算机类,1,,硕士研究生以上,,,,计算机（软件）类,,,2年及以上工作经历,,,,笔试+面试,,,,,153,3,具有相应学位，2年及以上工作经历,68707021,,
154-081,2026-shishu,苏州,苏州市退役军人教育培训指导中心,科员,退役军人教育培训、服务管理,管理类,1,,本科以上,,,不限,不限,,,,,,,笔试+面试,面向服现役满5年或2025年退役的高校毕业生退役士兵,且是苏州户籍（不含在苏高校学生集体户口）或苏州生源,,,154,3,面向服现役满5年或2025年退役的高校毕业生退役士兵，且是苏州户籍（不含在苏高校学生集体户口）或苏州生源，具有相应学位,68707021,,
155-082,2026-shishu,苏州,苏州博物馆,技术员,机电设备日常维护,专业技术其他类,1,2026年毕业生,本科以上,,,机电控制类,机电控制类,,,,,,,笔试+面试,,,,,155,3,2026年毕业生，具有相应学位,67576009,,
156-083,2026-shishu,苏州,苏州图书馆,地方文献整理员,地方文献资源收集整理、组织挖掘,专业技术其他类,1,2026年毕业生,硕士研究生以上,,,,图书馆学，情报学，档案学，图书情报与档案管理，图书情报，信息资源管理,,,,,,,笔试+面试,,,,,156,3,2026年毕业生，具有相应学位,65225007,,
157-084,2026-shishu,苏州,苏州戏曲博物馆,戏曲研究员,戏剧评论、昆曲表演艺术实践、戏剧资料专业研究,专业技术其他类,1,2026年毕业生,硕士研究生以上,,,,戏剧，戏曲，戏剧戏曲学，戏剧与影视学，戏剧与影视，戏曲与曲艺,,,,,,,笔试+面试,,,,,157,3,2026年毕业生，具有相应学位,67276019,,
158-085,2026-shishu,苏州,苏州市考古研究所,考古宣传员,公共考古宣传工作,专业技术其他类,1,,硕士研究生,,,,考古学，博物馆，文物与博物馆，考古学及博物馆学,,,,,,,笔试+面试,,,本科段须为考古学，博物馆学，文物与博物馆学专业并具有相应学位,,158,3,具有相应学位，本科段须为考古学，博物馆学，文物与博物馆学专业并具有相应学位,67580975,,
158-086,2026-shishu,苏州,苏州市考古研究所,文物修复师,文物保护工作,专业技术其他类,1,2026年毕业生,本科以上,,,文物，文物保护技术，文物鉴赏与修复，文物保护与修复，文物修复与保护,文物，文物保护技术，文物鉴赏与修复，文物保护与修复，文物修复与保护,,,,,,,笔试+面试,,,,,158,3,2026年毕业生，具有相应学位,67580975,,
158-087,2026-shishu,苏州,苏州市考古研究所,科员,组织人事工作,管理类,1,2026年毕业生,本科以上,,,公共管理类,公共管理类,,,,,,,笔试+面试,,,,,158,3,2026年毕业生，具有相应学位,67580975,,
159-088,2026-shishu,苏州,苏州市广济医院,会计,财务工作,经济类（会计、审计）,1,2026年毕业生,硕士研究生,,,,财务财会类,,,,,会计初级及以上职称,,笔试+面试,,,,,159,3,2026年毕业生，具有相应学位，会计初级及以上职称,65792044,,
160-089,2026-shishu,苏州,苏州市卫生健康信息中心,技术员,承担新技术赋能临床研究等工作,专业技术其他类,1,2026年毕业生,硕士研究生以上,,,,生物医学工程，人工智能，智能科学与技术,,,,,,,笔试+面试,,,,,160,3,2026年毕业生，具有相应学位,69351525,,
161-090,2026-shishu,苏州,苏州市医疗管理服务指导中心,工程师,大数据分析与应用,计算机类,1,2026年毕业生,硕士研究生以上,,,,计算机类,,,,,,,笔试+面试,,,,,161,3,2026年毕业生，具有相应学位,68356927,,
162-091,2026-shishu,苏州,苏州市农业机械技术推广站,农机推广员,农机推广等工作,专业技术其他类,1,2026年毕业生,硕士研究生以上,,,,机械工程类,,,,,,,笔试+面试,,,本科段须为机械工程类专业并取得相应学位,,162,3,2026年毕业生，具有相应学位，本科段须为机械工程类专业并取得相应学位,65643060,,
163-092,2026-shishu,苏州,苏州市农业信息中心,科员,计算机相关工作,管理类,1,2026年毕业生,硕士研究生以上,,,,计算机（网络管理）类,,,,,,,笔试+面试,,,本科段须为计算机类专业并取得相应学位,,163,3,2026年毕业生，具有相应学位，本科段须为计算机类专业并取得相应学位,65617537,,
164-093,2026-shishu,苏州,苏州市工人文化宫,科员,综合管理,管理类,1,2026年毕业生,硕士研究生以上,,,,公共管理类,,,,,,,笔试+面试,,,,,164,3,2026年毕业生，具有相应学位，男性,65827917,男,
164-094,2026-shishu,苏州,苏州市工人文化宫,科员,综合管理,管理类,1,2026年毕业生,硕士研究生以上,,,,公共管理类,,,,,,,笔试+面试,,,,,164,3,2026年毕业生，具有相应学位，女性,65827917,女,
165-095,2026-shishu,苏州,苏州市科技创新发展服务中心,科创服务专员,科技创新和科技人才服务,专业技术其他类,1,2026年毕业生,硕士研究生以上,,,,生物工程类，基础理学类,,,,大学英语六级，计算机二级及以上,,,笔试+面试,,,,,165,3,2026年毕业生，具有相应学位，大学英语六级，计算机二级及以上,65218131,,
165-096,2026-shishu,苏州,苏州市科技创新发展服务中心,科创服务专员,科技创新和科技人才服务,专业技术其他类,1,2026年毕业生,硕士研究生以上,,,,机械工程类，材料工程类，化学工程类，基础理学类,,,,大学英语六级，计算机二级及以上,,,笔试+面试,,,,,165,3,2026年毕业生，具有相应学位，大学英语六级，计算机二级及以上,65218131,,
166-097,2026-shishu,苏州,苏州市科普事业发展服务中心,科学普及专员,全民科学素质提升服务,专业技术其他类,1,,硕士研究生以上,,,,教育类，生物工程类，基础理学类,,,2年及以上工作经历,大学英语六级；计算机二级及以上,,,笔试+面试,,,,,166,3,具有相应学位，2年及以上工作经历，大学英语六级，计算机二级及以上,65218131,,
166-098,2026-shishu,苏州,苏州市科普事业发展服务中心,科学普及专员,全民科学素质提升服务,专业技术其他类,1,2026年毕业生,硕士研究生以上,,,,机械工程类，材料工程类，化学工程类，基础理学类,,,,大学英语六级，计算机二级及以上,,,笔试+面试,,,,,166,3,2026年毕业生，具有相应学位，大学英语六级，计算机二级及以上,65218131,,
167-099,2026-shishu,苏州,中共苏州市委党校,教研人员,教学、科研和决策咨询,专业技术其他类,2,2026年毕业生,博士研究生,,,,社会政治类,,,,,,,笔试+面试,,,,,167,2,2026年毕业生，具有相应学位，男性,66610163,男,
167-100,2026-shishu,苏州,中共苏州市委党校,教研人员,教学、科研和决策咨询,专业技术其他类,2,2026年毕业生,博士研究生,,,,社会政治类,,,,,,,笔试+面试,,,,,167,2,2026年毕业生，具有相应学位，女性,66610163,女,
168-101,2026-shishu,苏州,苏州工业职业技术学院,会计,财务工作,经济类（会计、审计）,1,2026年毕业生,硕士研究生以上,,,,财务财会类,,,,,,,笔试+面试,,,本科段须为财务财会类专业并取得相应学位,,168,3,2026年毕业生，具有相应学位，本科段须为财务财会类专业并取得相应学位,65984824,,
168-102,2026-shishu,苏州,苏州工业职业技术学院,"数图中心
技术人员",数据库和智能体维护工作,计算机类,1,,硕士研究生以上,,,,计算机类,,,,,,,笔试+面试,,,本科段须为计算机类专业并取得相应学位,,168,3,具有相应学位，本科段须为计算机类专业并取得相应学位,65984824,,
169-103,2026-shishu,苏州,苏州革命博物馆,党史教育员,党史研究及展览、活动宣讲,专业技术其他类,1,2026年毕业生,硕士研究生以上,,,,社会政治类,,,,,,,笔试+面试,,,,,169,3,2026年毕业生，具有相应学位,68265945,,
169-104,2026-shishu,苏州,苏州革命博物馆,档案员,档案工作,专业技术其他类,1,,本科以上,,,中文文秘类，公共管理类,中文文秘类，公共管理类,,,,,,,笔试+面试,,,,,169,3,具有相应学位,68265945,,
