岗位代码,批次,城市,招聘单位,工作部门,岗位职责,岗位等级,招聘人数,考生类别,学历要求,学位要求,专业要求(大专),专业要求(本科),专业要求(研究生),年龄,放宽年龄(硕士),工作经历,资格证书,职称要求,政治面貌,考试方式,专项招聘对象,户籍要求,其他条件,链接,主管单位,其他条件原文,工作要求（不影响报考）,咨询电话,其他说明
1,2026-h2,杭州,浙江省统战工作服务中心,综合管理,从事信息化管理、综合文字等工作。,管理 七级以下,1,应届毕业生,硕士研究生以上,硕士以上,,,理学（07）、工学（08）,38周岁以下,,,,,中共党员（含预备党员）,笔试+面试,,,,,中共浙江省委统战部,"1.中共党员（含预备党员）；
2.因工作需要，该岗位需经常值班值守。",因工作需要，该岗位需经常值班值守,0571-81050169,
2,2026-h2,杭州,杭州纪检监察培训中心,信息技术,主要从事信息技术等工作。,管理 七级以下,1,应届毕业生,硕士研究生以上,硕士以上,,,电子科学与技术（0809）、信息与通信工程（0810）、控制科学与工程（0811）、计算机科学与技术（0812）、软件工程（0835、085405）、电子信息（085400）、计算机技术（085404）,38周岁以下,,,,,中共党员（含预备党员）,笔试+面试,,,所获学历学位须相对应，且应于2026年7月底前取得学历学位证书；不存在以下情形：曾受过刑事处罚、党纪政务处分；涉嫌违纪违法正在接受审查尚未作出结论或正在接受审计机关审计；受到诫勉、组织处理等影响期未满或期满影响使用；其他不适宜招聘的情形,,中共浙江省纪委浙江省监委,"1.中共党员（含预备党员）；
2.所获学历学位须相对应，且应于2026年7月底前取得学历学位证书；
3.不存在以下情形：曾受过刑事处罚、党纪政务处分；涉嫌违纪违法正在接受审查尚未作出结论或正在接受审计机关审计；受到诫勉、组织处理等影响期未满或期满影响使用；其他不适宜招聘的情形。",,0571-87053520；0571-87052319,
3,2026-h2,杭州,浙江省纪检监察信息网络中心（浙江省巡视巡察数字化服务中心）,信息技术,主要从事信息技术等工作。,专业技术 八级以下,3,应届毕业生,本科以上,学士以上,,电子信息类（0807）、自动化类（0808）、计算机类（0809）,,38周岁以下,,,,,中共党员（含预备党员）,笔试+面试,,,研究生学历的，大学本科专业需符合本次招考专业要求，并取得相应学位；所获学历学位须相对应，且应于2026年7月底前取得学历学位证书；不存在以下情形：曾受过刑事处罚、党纪政务处分；涉嫌违纪违法正在接受审查尚未作出结论或正在接受审计机关审计；受到诫勉、组织处理等影响期未满或期满影响使用；其他不适宜招聘的情形,,中共浙江省纪委浙江省监委,"1.中共党员（含预备党员）；
2.研究生学历的，大学本科专业需符合本次招考专业要求，并取得相应学位；
3.所获学历学位须相对应，且应于2026年7月底前取得学历学位证书；
4.不存在以下情形：曾受过刑事处罚、党纪政务处分；涉嫌违纪违法正在接受审查尚未作出结论或正在接受审计机关审计；受到诫勉、组织处理等影响期未满或期满影响使用；其他不适宜招聘的情形。",,0571-87053520；0571-87052319,
4,2026-h2,杭州,杭州纪检监察培训中心,综合管理,主要从事综合管理等工作。,管理 七级以下,1,应届毕业生,硕士研究生以上,硕士以上,,,法学（0301）、纪检监察学（0308）、法律（0351）、审计（1257）、会计（1253）、会计学（120201）,38周岁以下,,,,,中共党员（含预备党员）,笔试+面试,,,所获学历学位须相对应，且应于2026年7月底前取得学历学位证书；不存在以下情形：曾受过刑事处罚、党纪政务处分；涉嫌违纪违法正在接受审查尚未作出结论或正在接受审计机关审计；受到诫勉、组织处理等影响期未满或期满影响使用；其他不适宜招聘的情形,,中共浙江省纪委浙江省监委,"1.中共党员（含预备党员）；
2.所获学历学位须相对应，且应于2026年7月底前取得学历学位证书；
3.不存在以下情形：曾受过刑事处罚、党纪政务处分；涉嫌违纪违法正在接受审查尚未作出结论或正在接受审计机关审计；受到诫勉、组织处理等影响期未满或期满影响使用；其他不适宜招聘的情形。",,0571-87053520；0571-87052319,
5,2026-h2,杭州,浙江省团校,综合管理,主要从事组织人事及综合管理。,专业技术 十级以下,1,应届毕业生,硕士研究生以上,硕士以上,,,工商管理学（限人力资源管理）；公共管理学（限行政管理、社会保障）,38周岁以下,,,,,中共党员（含预备党员）,笔试+面试,,,,,共青团浙江省委,"1.中共党员（含预备党员）；
2.具有良好的语言表达和沟通能力。",具有良好的语言表达和沟通能力,0571-88060141,
6,2026-h2,杭州,浙江省高级人民法院审判保障服务中心,审判辅助1,主要从事审判执行服务保障等工作。,管理 七级以下,7,不限,本科以上,学士以上,,法学（030101K）,,38周岁以下,,,通过国家统一法律职业资格考试（或司法考试），取得A类法律职业资格证书,,,笔试+面试,,,,,浙江省高级人民法院,通过国家统一法律职业资格考试（或司法考试），取得A类法律职业资格证书。,,0571-87055359,
7,2026-h2,杭州,浙江省高级人民法院审判保障服务中心,审判辅助2,主要从事审判执行服务保障等工作。,管理 七级以下,2,不限,本科以上,学士以上,,不限,,38周岁以下,,具有司法机关工作经历3年以上,,,,笔试+面试,,,,,浙江省高级人民法院,,,0571-87055359,
8,2026-h2,宁波,宁波海事法院审判保障服务中心,审判辅助,主要从事审判执行服务保障等工作。,管理 七级以下,6,不限,本科以上,学士以上,,法学（030101K）,,38周岁以下,,,通过国家统一法律职业资格考试（或司法考试），取得A类法律职业资格证书,,,笔试+面试,,,,,宁波海事法院,通过国家统一法律职业资格考试（或司法考试），取得A类法律职业资格证书。,,0574-89285081,
9,2026-h2,杭州,浙江省网络安全应急指挥中心,综合管理,主要从事综合文字和网络管理工作，需参与网络应急值班工作。,管理 七级以下,1,应届毕业生,硕士研究生以上,硕士以上,,,哲学（01）；理论经济学、应用经济学；法学（0301）、法律（0351）、社会学；中国语言文学、外国语言文学、新闻传播学、新闻与传播；数学；电子科学与技术、计算机科学与技术、信息与通信工程、软件工程、网络空间安全、集成电路科学与工程,38周岁以下,,,,,中共党员（含预备党员）,笔试+面试,,,本科、研究生等各阶段获得学历、学位均应在国（境）内高等院校取得；所获学历、学位需相对应,,中共浙江省委网络安全和信息化委员会办公室,"1.中共党员（含预备党员）；
2.本科、研究生等各阶段获得学历、学位均应在国（境）内高等院校取得；所获学历、学位需相对应。",,0571-81051265,
10,2026-h2,杭州,浙江省电子政务数据灾难备份中心,档案信息管理,主要从事省档案馆机房管理、网络安全保障、信息化项目运维和档案数据备份管理工作。,专业技术 八级以下,1,应届毕业生,硕士研究生以上,硕士以上,,,网络与信息安全（085412），网络空间安全 （0839），计算机应用技术（081203），大数据技术与工程（085411）、人工智能（085410）,38周岁以下,,,,,中共党员,笔试+面试,,,,,浙江省档案馆,中共党员,,0571-85118799,
11,2026-h2,杭州,浙江省产业发展中心,产业研究岗,主要从事产业、行业相关研究等综合文字工作。,专业技术 十级以下,1,应届毕业生,硕士研究生以上,硕士以上,,,工学、经济学,38周岁以下,,,,,,笔试+面试,,,应届毕业生学历学位取得时间为2026年8月31日前,,浙江省经济和信息化厅,应届毕业生学历学位取得时间为2026年8月31日前。,,0571-87059496,
12,2026-h2,杭州,浙江省工业和信息化研究院,产业研究岗,从事工业和信息化领域产业、行业、企业等方面的专题研究、规划编制、政策制定和报告撰写等综合文字工作。,专业技术 八级以下,1,不限,硕士研究生以上,硕士以上,,,工学、经济学、管理学；统计学,38周岁以下,,具有社会科学课题研究、产业规划编制等相关工作经历2年以上,,,,笔试+面试,,,本科或研究生阶段专业相符均可,,浙江省经济和信息化厅,本科或研究生阶段专业相符均可。,,0571-88225755,
13,2026-h2,杭州,浙江省教育考试院,高考化学学科秘书,从事入闱命题、监印等封闭管理工作。,专业技术 十一级以下,1,不限,硕士研究生以上,硕士以上,,,化学（0703）；化学工程（085602）、学科教学（化学）（045106）,38周岁以下,,,,,,笔试+面试,,,本、硕均为相关专业,,省教育厅,本、硕均为相关专业。,,0571-88902676,面试含业务能力评价。
14,2026-h2,杭州,浙江省教育考试院,教育考试管理,主要从事教育考试相关工作。,专业技术 十一级以下,1,不限,硕士研究生以上,硕士以上,,,不限,38周岁以下,,,,,,笔试+面试,,,,,省教育厅,具备较强的文字功底、组织管理、沟通协调和良好的服务意识，工作责任心强，能熟练使用日常办公软件。,具备较强的文字功底、组织管理、沟通协调和良好的服务意识，工作责任心强，能熟练使用日常办公软件,0571-88902676,面试含业务能力评价。
15,2026-h2,杭州,浙江省教育技术中心,教育数字化国际交流和政策研究,从事教育技术领域的国际政策研究、课程开发、在线培训等工作。,专业技术 十一级以下,1,不限,硕士研究生以上,硕士以上,,,教育、教育学（0401）、管理学,38周岁以下,,,具有教师资格证书,,中共党员,笔试+面试,,,博士研究生可免于公共科目笔试，直接进入下一轮,,省教育厅,"1.中共党员；
2.具有较强文字表达能力和沟通交流能力。
3.博士研究生可免于公共科目笔试，直接进入下一轮。",具有较强文字表达能力和沟通交流能力,0571-88066923,
16,2026-h2,杭州,浙江省民族宗教研究服务中心（省民族宗教网络舆情中心）,综合管理1,"主要从事民族事务管理
、研究等工作。",管理 七级以下,1,不限,博士研究生,博士,,,马克思主义理论（0305）、民族学（0304）；社会学（030301）,40周岁以下,,,资格复审现场提供纸质材料,,,笔试+面试,,,博士期间研究方向与民族工作相关；在报名表中请注明博士期间发表的与民族相关课题或论文题目，资格复审前请将相关材料发送到指定邮箱：370091334@qq.com,,浙江省民族宗教事务委员会,博士期间研究方向与民族工作相关。在报名表中请注明博士期间发表的与民族相关课题或论文题目，资格复审前请将相关材料发送到指定邮箱：370091334@qq.com 。资格复审现场提供纸质材料。,,0571-87915538,
17,2026-h2,杭州,浙江省民族宗教研究服务中心（省民族宗教网络舆情中心）,综合管理2,主要从事宗教活动场所管理辅助工作。,管理 七级以下,1,不限,博士研究生,博士,,,哲学（0101）,40周岁以下,,,资格复审现场提供纸质材料,,,笔试+面试,,,博士期间研究方向与宗教工作相关；在报名表中请注明博士期间发表的与宗教相关课题或论文题目，资格复审前请将相关材料发送到指定邮箱：370091334@qq.com,,浙江省民族宗教事务委员会,博士期间研究方向与宗教工作相关。在报名表中请注明博士期间发表的与宗教相关课题或论文题目，资格复审前请将相关材料发送到指定邮箱：370091334@qq.com 。资格复审现场提供纸质材料。,,0571-87915538,
18,2026-h2,杭州,浙江省公安厅南屏服务中心,园林养护,从事庭院植被技术管护、树木保护等方面工作。,专业技术 十一级以下,1,应届毕业生,硕士研究生以上,硕士以上,,,风景园林（0862）、园艺学（0902）、植物保护（0904）、林业（0954）,38周岁以下,,,,,,笔试+面试,,,长期户外工作，需登高作业，适合男性报考；考察按《公安部关于印发<公安机关录用人民警察政治考察工作办法>的通知》（公通字〔2020〕11号）执行,,浙江省公安厅,"1.长期户外工作，需登高作业，适合男性报考。
2.考察按《公安部关于印发<公安机关录用人民警察政治考察工作办法>的通知》（公通字〔2020〕11号）执行。",,0571-87287230,
19,2026-h2,杭州,浙江省公安厅南屏服务中心,综合管理,从事党务、综合文字等相关工作。,管理 八级以下,1,应届毕业生,硕士研究生以上,硕士以上,,,哲学（0101）、法学（0301）、法律（0351）、政治学（0302）、马克思主义理论（0305）、中国语言文学（0501）、新闻传播学（0503）、新闻与传播*（0552）、中国史（0602）,38周岁以下,,,,,中共党员（含预备党员）,笔试+面试,,,考察按《公安部关于印发<公安机关录用人民警察政治考察工作办法>的通知》（公通字〔2020〕11号）执行,,浙江省公安厅,"1.中共党员（含预备党员）。
2.考察按《公安部关于印发<公安机关录用人民警察政治考察工作办法>的通知》（公通字〔2020〕11号）执行。",,0571-87287230,
20,2026-h2,杭州,浙江省人力资源和社会保障科学研究院,课题研究,主要从事人力资源和社会保障领域的研究工作,专业技术 八级以下,1,不限,硕士研究生以上,硕士以上,,,"民商法学、经济法学、人口学、社会保障、
劳动经济学",38周岁以下,,,,,,笔试+面试,,,,,浙江省人力资源和社会保障厅,能熟练运用相关数量经济分析方法和统计方法。,能熟练运用相关数量经济分析方法和统计方法,0571-85216997,
21,2026-h2,,浙江生态环境宣传教育中心,综合文字,主要从事综合文字工作。,管理 七级以下,1,不限,硕士研究生以上,硕士以上,,,中国语言文学、新闻传播学、马克思主义理论,38周岁以下,,,,,,笔试+面试,,,,,浙江省生态环境厅,,,0571-28869096,
22,2026-h2,杭州,全国白蚁防治中心,会计财务岗,从事会计财务工作,专业技术 十级以下,1,不限,硕士研究生以上,硕士以上,,,会计学、会计,38周岁以下,,2年以上财务相关工作经历,,,,笔试+面试,,,,,住房城乡建设部直属,具有博士学位者年龄可放宽至40周岁。,,0571-88081248,
23,2026-h2,杭州,浙江省建设工程造价管理总站（浙江省标准设计站）,工程造价   （标准）岗,从事工程造价、标准等工作,专业技术 十级以下,1,不限,硕士研究生以上,硕士以上,,,土木工程,38周岁以下,,,,,,笔试+面试,,,,,浙江省住房和城乡建设厅,具有副高及以上职称者年龄可放宽至40周岁。,,0571-88053786,
24,2026-h2,杭州,浙江省建设工程造价管理总站（浙江省标准设计站）,工程造价   （标准）岗,从事工程造价、标准等工作,管理 八级以下,1,不限,硕士研究生以上,硕士以上,,,统计学；产业经济学,38周岁以下,,,,,,笔试+面试,,,,,浙江省住房和城乡建设厅,具有副高及以上职称者年龄可放宽至40周岁。,,0571-88053786,
25,2026-h2,杭州,浙江省白蚁防治中心（浙江省房屋使用安全管理中心）,房屋使用安全管理岗,从事房屋使用安全管理等工作,专业技术 十级以下,1,不限,硕士研究生以上,硕士以上,,,土木工程,38周岁以下,,,,,,笔试+面试,,,,,浙江省住房和城乡建设厅,具有副高及以上职称者年龄可放宽至40周岁。,,0571-87226802,
26,2026-h2,杭州,浙江省白蚁防治中心（浙江省房屋使用安全管理中心）,房屋使用安全管理岗,从事房屋使用安全管理等工作,专业技术 十级以下,1,不限,硕士研究生以上,硕士以上,,,区域经济学、产业经济学、城市经济学、城市与房地产经济学,38周岁以下,,,,,,笔试+面试,,,,,浙江省住房和城乡建设厅,具有副高及以上职称者年龄可放宽至40周岁。,,0571-87226802,
27,2026-h2,杭州,浙江省交通运输信息与应急处置中心（省低空交通运行管理中心）,应急保障,从事交通运输突发事件的预防与应急准备、预警、处置等工作,专业技术 十一级以下,1,不限,硕士研究生以上,硕士以上,,,交通运输（0861）、交通运输工程（0823）、安全科学与工程（0837）,38周岁以下,,2年以上交通运输、安全、应急等相关岗位工作经历,,,,笔试+面试,,,,,浙江省交通运输厅,"1.需参与夜间、节假日应急值班值守；
2.中共党员优先。",需参与夜间、节假日应急值班值守；中共党员优先,0571-87801722,
28,2026-h2,杭州,浙江省耕地质量与肥料管理总站,耕地质量建设,开展耕地质量提升、耕地质量监测评价等工作。,专业技术 十级以下,1,不限,硕士研究生以上,硕士以上,,,农业资源与环境；测绘工程,38周岁以下,,,,,,笔试+面试,,,需要进行野外作业,,浙江省农业农村厅,需要进行野外作业。,,0571-86752638,
29,2026-h2,杭州,浙江省乡村振兴促进中心,乡村建设与发展岗,从事乡村发展、建设、治理等具体工作的指导服务。,专业技术 十一级以下,1,应届毕业生,硕士研究生以上,硕士以上,,,城乡规划学；农业经济管理、农村发展,38周岁以下,,,,,,笔试+面试,,,,,浙江省农业农村厅,,,0571-86756163,
30,2026-h2,杭州,浙江省动物疫病预防控制中心,动物疫病及畜产品质量安全检测,主要从事动物疫病及畜产品质量安全检测等工作。,专业技术 八级以下,1,不限,硕士研究生以上,硕士以上,,,兽医学、兽医、生物与医药,38周岁以下,,具有两年以上动物疫病或畜产品质量安全检测工作经历,,,,笔试+面试,,,,,浙江省农业农村厅,,,0571-56269750,
31,2026-h2,湖州,浙江省淡水水产研究所（浙江省淡水渔业环境监测站）,水产养殖,主要从事特色鱼虾苗种繁育与健康养殖研究。工作地点在温州文成。,专业技术 十级以下,1,不限,硕士研究生以上,硕士以上,,,水产养殖,38周岁以下,,具有三年以上水产养殖工作经历,,,,笔试+面试,,,工作地点在温州文成,,浙江省农业农村厅,工作地点在温州文成。,,0572-2042418,
32,2026-h2,杭州,浙江省非物质文化遗产保护中心（浙江省非物质文化遗产馆）,藏（展）品征集管理,主要负责藏（展）品征集的计划制定与执行等相关工作。,专业技术 十一级以下,1,不限,硕士研究生以上,硕士以上,,,艺术学（1301）、美术与书法（1356）,38周岁以下,,,,,,笔试+面试,,,,,浙江省文化广电和旅游厅,,,0571-87756696,
33,2026-h2,杭州,浙江省文化广电和旅游宣传推广中心（良渚论坛浙江秘书处）,策划设计,主要负责中心宣传推广任务中活动策划、视觉形象设计、文创产品设计等。,专业技术 十一级以下,1,不限,本科以上,学士以上,,设计学类（1305）、美术学类（1304）,,38周岁以下,,具有1年及以上设计或展览、活动策划相关工作经历,,,,笔试+面试,,,,,浙江省文化广电和旅游厅,"1.具有1年及以上设计或展览、活动策划相关工作经历；
2.能熟练运用AutoCAD、Sketchup、InDesign、PhotoShop等软件。",能熟练运用AutoCAD、Sketchup、InDesign、PhotoShop等软件,0571-85116816,
34,2026-h2,杭州,浙江省广播电视监测评议中心（浙江省文化广电和旅游大数据中心）,文化广电和旅游数字技术,承担方案草拟与资料归集工作，负责运维项目日常管理等。,管理 九级以下,1,不限,本科以上,学士以上,,电子信息类（0807）、计算机类（0809）,,38周岁以下,,,,,,笔试+面试,,,,,浙江省文化广电和旅游厅,"1、需经常出差；
2、具有相关工作经验者优先。",需经常出差；具有相关工作经验者优先,0571-81053433、0571-81053441,
35,2026-h2,杭州,浙江省卫生健康综合保障中心,媒体宣传,主要从事综合行政、媒体宣传等工作。,专业技术 八级以下,1,不限,硕士研究生以上,硕士以上,,,新闻传播学、新闻与传播,38周岁以下,,,,,,笔试+面试,,,,,浙江省卫生健康委员会,,,0571-87709123,
36,2026-h2,杭州,浙江省卫生健康信息中心,基地综合管理岗,主要从事国家医疗人工智能基地综合管理工作。,专业技术 八级以下,1,不限,博士研究生,博士,,,数学、电子信息、计算机科学与技术、生物医学工程、软件工程,38周岁以下,,1年以上工作经历,,,,笔试+面试,,,,,浙江省卫生健康委员会,因岗位履职需要，具有大数据挖掘、分析、建模等经验者或有医学人工智能工作经历者优先。,因岗位履职需要，具有大数据挖掘、分析、建模等经验者或有医学人工智能工作经历者优先,0571-87709038,
37,2026-h2,杭州,浙江省对外交流服务中心,英语翻译,主要从事对外交流工作。,管理 七级以下,1,机关事业单位正式在编人员,本科以上,学士以上,,外国语言文学类（英语）及英语相关专业,,40周岁以下,,具有三年以上外事（国际交流）工作经验,,具有全国翻译专业资格（水平）考试二级口译及以上证书,中共党员（含预备党员）,笔试+面试,,,,,浙江省人民政府外事办公室,中共党员（含预备党员）,,0571-81053071、81053060,
38,2026-h2,杭州,浙江省对外交流服务中心,综合人事,主要从事综合人事工作。,管理 七级以下,1,不限,本科以上,学士以上,,中国语言文学类、公共管理类；人力资源管理,,38周岁以下,,,,,中共党员（含预备党员）,笔试+面试,,,,,浙江省人民政府外事办公室,中共党员（含预备党员）,,0571-81053071、81053060,
39,2026-h2,杭州,浙江省市场监管发展研究中心,"市场监管
理论研究",主要从事市场监管理论、政策、规划编制、改革发展等研究工作。,专业技术 八级以下,3,不限,硕士研究生以上,硕士以上,,,理论经济学（0201）、应用经济学（0202）、法学（0301）、法律（0351）,38周岁以下,,,,,,笔试+面试,,,具有3年以上政策研究、规划编制、标准研究等相关研究机构工作经历（具有博士研究生学历学位的不作要求）；本科或研究生阶段专业相符均可,,浙江省市场监督管理局,"1.具有3年以上政策研究、规划编制、标准研究等相关研究机构工作经历（具有博士研究生学历学位的不作要求）；
2.具有较强的研究能力和文字功底，曾公开发表过论文或出版过著作； 
3.具有博士研究生学历学位或副高级以上职称的，年龄可放宽至45周岁；                                             4.本科或研究生阶段专业相符均可。",具有较强的研究能力和文字功底，曾公开发表过论文或出版过著作,"0571-87028918
0571-87025386",
40,2026-h2,杭州,浙江省市场监督管理数字传媒中心,监测分析岗,主要从事市场监管领域业务数据治理、分析与研究等工作。,专业技术 八级以下,2,应届毕业生,硕士研究生以上,硕士以上,,,"计算机系统结构（081201）、计算机软件与理论（081202）、计算机应用技术（081203）
、软件工程（0835）、通信工程（085402）、计算机技术（085404）、软件工程（085405）、人工智能（085410）、大数据技术与工程（085411）、网络与信息安全（085412）",38周岁以下,,,,,,笔试+面试,,,,,浙江省市场监督管理局,,,0571-89761723,
41,2026-h2,杭州,浙江省市场监督管理数字传媒中心,监测分析岗,主要从事市场监管领域业务数据治理、分析与研究等工作。,专业技术 八级以下,1,应届毕业生,博士研究生,博士,,,"计算机系统结构（081201）、计算机软件与理论（081202）、计算机应用技术（081203）
、软件工程（0835）、通信工程（085402）、计算机技术（085404）、软件工程（085405）、人工智能（085410）、大数据技术与工程（085411）、网络与信息安全（085412）",38周岁以下,,,,,,笔试+面试,,,,,浙江省市场监督管理局,,,0571-89761723,
42,2026-h2,杭州,浙江体育职业技术学院,乒乓球教练,从事乒乓球专业运动队的训练教学、比赛指导及后备人才培养工作。,专业技术 十二级以下,1,不限,本科以上,学士以上,,不限,,38周岁以下,,具备乒乓球项目省级及以上优秀运动员5年以上经历。,,,,笔试+面试,,,具有乒乓球项目运动健将及以上运动员技术等级,,浙江省体育局,具有乒乓球项目运动健将及以上运动员技术等级。,,0571-83871320,面试含专业能力评价。
43,2026-h2,湖州,浙江省射击射箭自行车运动管理中心,竞速小轮车助理教练,辅助主教练完成专项训练技战术指导、运动队管理及训练器材维护相关工作。,专业技术 十一级以下,1,不限,大专以上,,,不限,,38周岁以下,,六年及以上省级专业运动队正式运动员训练经历。,,,,笔试+面试,,,竞速小轮车专项，具有该项目一级运动员及以上运动员技术等级；取得过竞速小轮车全运会前六名或全国锦标赛（全运会项目）前三名成绩；需经常随队外出训练比赛，建议男性报考,,浙江省体育局,"1. 竞速小轮车专项，具有该项目一级运动员及以上运动员技术等级；
2.取得过竞速小轮车全运会前六名或全国锦标赛（全运会项目）前三名成绩；
3.需经常随队外出训练比赛，建议男性报考。",,0572-6620193,
44,2026-h2,杭州,浙江体育科学研究所（浙江省反兴奋剂中心）,跟队科研岗,主要从事运动队科研保障工作。工作地点：杭州市千岛湖镇或湖州市长兴县。,专业技术 十一级以下,1,不限,硕士研究生以上,硕士以上,,,运动人体科学、体育学（运动人体科学方向）,38周岁以下,,,,,,笔试+面试,,,此岗位需长期跟随运动队生活，适合男性报考,,浙江省体育局,"1.此岗位需长期跟随运动队生活，适合男性报考。
2.明白了解运动队工作性质，有较强的服务意识和沟通能力。",明白了解运动队工作性质，有较强的服务意识和沟通能力,0571-85062259,面试含专业能力评价。
45,2026-h2,杭州,浙江省体育服务中心（浙江省全民健身中心）,教练岗,负责赛事队伍带队管理，开展羽毛球、网球项目教学和培训指导，从事学员管理、带队参赛等工作。本岗位需经常加班、出差，适合男性报考。,专业技术 十级以下,1,不限,本科以上,学士以上,,体育学类,,38周岁以下,,具备学校、体校带队相关工作经历3年以上。,,,,笔试+面试,,,羽毛球、网球项目国家二级及以上运动员技术等级,,浙江省体育局,羽毛球、网球项目国家二级及以上运动员技术等级。,,0571-88120912,
46,2026-h2,杭州,浙江省级机关服务保障中心,综合岗,主要从事行政与人事方面工作。,管理 七级以下,1,不限,硕士研究生以上,硕士以上,,,中国语言文学、工商管理学,38周岁以下,,,,,,笔试+面试,,,,,浙江省机关事务管理局,,,0571-81053181,
47,2026-h2,杭州,浙江省级机关服务保障中心,行政处综合管理,主要从事日常行政综合管理工作。,管理 七级以下,2,不限,硕士研究生以上,硕士以上,,,不限,38周岁以下,,,,,,笔试+面试,,,,,浙江省机关事务管理局,,,0571-87051026,
48,2026-h2,杭州,浙江省级机关服务保障中心,"行政处
园林绿化管理",主要从事绿化养护、种植等管理工作。,管理 七级以下,1,不限,本科以上,学士以上,,环境设计、风景园林、园林,,38周岁以下,,2年以上园林绿化相关工作经历,,,,笔试+面试,,,,,浙江省机关事务管理局,,,0571-87051026,
49,2026-h2,杭州,浙江省级机关服务保障中心,"行政处
机电设备管理",主要从事机电设备运维管理工作。,管理 七级以下,1,不限,本科以上,学士以上,,电气工程及其自动化、电气工程与智能控制、电机电器智能化,,38周岁以下,,2年以上机电设备管理工作经历,,,,笔试+面试,,,,,浙江省机关事务管理局,,,0571-87051026,
50,2026-h2,杭州,浙江省级机关服务保障中心,"行政处
暖通设备管理",主要从事暖通设备运维管理工作。,管理 七级以下,1,不限,本科以上,学士以上,,建筑环境与能源应用工程、能源与环境系统工程、能源与动力工程,,38周岁以下,,2年以上暖通设备管理工作经历,,,,笔试+面试,,,,,浙江省机关事务管理局,,,0571-87051026,
51,2026-h2,杭州,浙江省级机关服务保障中心,"餐管中心
食品安全管理",主要从事机关食堂食品安全管理、品质管控等工作。,专业技术 十级以下,1,不限,本科以上,学士以上,,食品科学与工程类,,38周岁以下,,"3年以上
食品检测工作经历",,检验员初级工以上、助理工程师以上,,笔试+面试,,,熟悉食品安全相关法律法规及操作规范，具备独立开展食品安全检查与评估的能力,,浙江省机关事务管理局,"1.熟悉食品安全相关法律法规及操作规范，具备独立开展食品安全检查与评估的能力；
2.具备一定的文字功底和沟通协调能力。",具备一定的文字功底和沟通协调能力,0571-87053292,
52,2026-h2,杭州,浙江省粮食物资储备应急保障中心,物资管理,"需从事应急处置和夜间值守工作，适合男性报考。
工作地点：杭州、德清两地办公。",管理 九级以下,1,不限,本科以上,学士以上,,物流管理与工程类（1206）、机械类（0802）；工业工程（120701）、电子信息工程（080701）、电子科学与技术（080702）、信息工程（080706）、人工智能（080717T）、智能建造（081008T）、智能科学与技术（080907T）、自动化（080801）、机器人工程（080803T）,,38周岁以下,,有3年及以上工作经历,,,,笔试+面试,,,,,浙江省粮食和物资储备局,,,0571-85773112,
53,2026-h2,杭州,浙江省药品信息宣传和发展服务中心,综合技术岗,主要从事党务、综合文字等工作。,专业技术 八级以下,1,机关事业单位正式在编人员,本科以上,学士以上,,不限,,38周岁以下,,具有2年以上综合文字岗位工作经历。,,,中共党员（含预备党员）,笔试+面试,,,,,浙江省药品监督管理局,"1.中共党员（含预备党员）；
2.具有扎实的文字功底，能起草各类综合性文字材料。",具有扎实的文字功底，能起草各类综合性文字材料,0571-88903292、88903293,
54,2026-h2,上海,浙江省人民政府驻上海办事处在沪企业服务中心,企业服务1,主要从事综合文字、政策研究、专题调研、信息报送，承担本省在沪各类企业日常联络、沟通协调等工作。,专业技术 十一级以下,1,不限,硕士研究生以上,硕士以上,,,电子信息、机械工程（0802）、光学工程、电子科学与技术（0809）、信息与通信工程、控制科学与工程、计算机科学与技术、材料科学与工程（0805）、材料与化工、机械、生物与医药、生物工程,38周岁以下,,,,,,笔试+面试,,不解决上海户口,工作地点上海,,浙江省人民政府驻上海办事处,"1.工作地点上海；
2.不解决上海户口。",,021-64728011,
55,2026-h2,上海,浙江省人民政府驻上海办事处在沪企业服务中心,企业服务2,主要联系服务本省在沪企业相关各界人才，协助在沪企业引进技术、人才智力等工作。,专业技术 十一级以下,1,不限,硕士研究生以上,硕士以上,,,土木工程、金融*；金融学,38周岁以下,,,,,,笔试+面试,,不解决上海户口,工作地点上海,,浙江省人民政府驻上海办事处,"1.工作地点上海；
2.不解决上海户口。",,021-64728011,
56,2026-h2,嘉兴,浙江清华长三角研究院,区域合作行政管理,从事区域合作所涉规划、协调、组织保障等工作。（有较多出差）,管理 七级以下,1,机关事业单位正式在编人员,本科以上,学士以上,,不限,,38周岁以下,,3年以上政府部门经济条线、政策研究相关工作经历,,,中共党员,笔试+面试,,,,,省直属,"1.中共党员；
2.接受经常性出差。",接受经常性出差,0573-82586670,
57,2026-h2,嘉兴,浙江清华长三角研究院,科研管理和成果转化,从事研究所科研项目的管理和成果转化相关的工作。（有较多出差）,专业技术 八级以下,1,机关事业单位正式在编人员,本科以上,学士以上,,理学、工学,,38周岁以下,,3年以上机关事业单位从事科研项目管理、科技成果转化相关工作经历,,中级以上,中共党员,笔试+面试,,,,,省直属,"1.中共党员；
2.接受经常性出差。",接受经常性出差,0573-82586670,
58,2026-h2,宁波,宁波大学,男辅导员,辅导员，大学生思想政治教育，需入住男生公寓。,专业技术 十二级以下,2,应届毕业生,硕士研究生以上,硕士以上,,,不限,38周岁以下,,,,,中共正式党员,笔试+面试,,,男性；大学期间有担任过主要学生干部的经历（大学期间有担任过主要学生干部的经历：指本科、研究生学习期间担任班长、团支书、学生党支部书记（教师担任书记的，可以为副书记），校（院）学生会、研究生会主席团成员/校（院）团委副书记，校（院）学生会、研究生会、团委部门部长（不含副部长）等主要学生干部经历一年及以上，需由所在培养单位出具相关证明，或有一年及以上担任专兼职辅导员经历（需由学校学工部门出具证明））,,省直属,"1.男性；
2.中共正式党员；
3.大学期间有担任过主要学生干部的经历（大学期间有担任过主要学生干部的经历：指本科、研究生学习期间担任班长、团支书、学生党支部书记（教师担任书记的，可以为副书记），校（院）学生会、研究生会主席团成员/校（院）团委副书记，校（院）学生会、研究生会、团委部门部长（不含副部长）等主要学生干部经历一年及以上，需由所在培养单位出具相关证明，或有一年及以上担任专兼职辅导员经历（需由学校学工部门出具证明））。",,"0574-87600100
0574-87600288",
59,2026-h2,宁波,宁波大学,留学生辅导员,辅导员，大学生思想政治教育，需入住学生公寓。,专业技术 十二级以下,1,应届毕业生,硕士研究生以上,硕士以上,,,英语语言文学(代码：050201)学科专业,38周岁以下,,,,,中共正式党员,笔试+面试,,,大学期间有担任过主要学生干部的经历（大学期间有担任过主要学生干部的经历：指本科、研究生学习期间担任班长、团支书、学生党支部书记（教师担任书记的，可以为副书记），校（院）学生会、研究生会主席团成员/校（院）团委副书记，校（院）学生会、研究生会、团委部门部长（不含副部长）等主要学生干部经历一年及以上，需由所在培养单位出具相关证明，或有一年及以上担任专兼职辅导员经历（需由学校学工部门出具证明））；通过英语专业八级考试,,省直属,"1.中共正式党员；
2.大学期间有担任过主要学生干部的经历（大学期间有担任过主要学生干部的经历：指本科、研究生学习期间担任班长、团支书、学生党支部书记（教师担任书记的，可以为副书记），校（院）学生会、研究生会主席团成员/校（院）团委副书记，校（院）学生会、研究生会、团委部门部长（不含副部长）等主要学生干部经历一年及以上，需由所在培养单位出具相关证明，或有一年及以上担任专兼职辅导员经历（需由学校学工部门出具证明））；
3.通过英语专业八级考试。",,"0574-87600100
0574-87600288",
60,2026-h2,宁波,宁波大学,女辅导员,辅导员，大学生思想政治教育，需入住女生公寓。,专业技术 十二级以下,2,应届毕业生,硕士研究生以上,硕士以上,,,不限,38周岁以下,,,,,中共正式党员,笔试+面试,,,女性；大学期间有担任过主要学生干部的经历（大学期间有担任过主要学生干部的经历：指本科、研究生学习期间担任班长、团支书、学生党支部书记（教师担任书记的，可以为副书记），校（院）学生会、研究生会主席团成员/校（院）团委副书记，校（院）学生会、研究生会、团委部门部长（不含副部长）等主要学生干部经历一年及以上，需由所在培养单位出具相关证明，或有一年及以上担任专兼职辅导员经历（需由学校学工部门出具证明））,,省直属,"1.女性；
2.中共正式党员；
3.大学期间有担任过主要学生干部的经历（大学期间有担任过主要学生干部的经历：指本科、研究生学习期间担任班长、团支书、学生党支部书记（教师担任书记的，可以为副书记），校（院）学生会、研究生会主席团成员/校（院）团委副书记，校（院）学生会、研究生会、团委部门部长（不含副部长）等主要学生干部经历一年及以上，需由所在培养单位出具相关证明，或有一年及以上担任专兼职辅导员经历（需由学校学工部门出具证明））。",,"0574-87600100
0574-87600288",
61,2026-h2,宁波,宁波大学,心理辅导员,辅导员，大学生思想政治教育和心理健康教育，需入住女生公寓。,专业技术 十二级以下,1,应届毕业生,硕士研究生以上,硕士以上,,,心理学(代码：0402）、应用心理（代码：0454）学科专业,38周岁以下,,,,,中共正式党员,笔试+面试,,,女性；大学期间有担任过主要学生干部的经历（大学期间有担任过主要学生干部的经历：指本科、研究生学习期间担任班长、团支书、学生党支部书记（教师担任书记的，可以为副书记），校（院）学生会、研究生会主席团成员/校（院）团委副书记，校（院）学生会、研究生会、团委部门部长（不含副部长）等主要学生干部经历一年及以上，需由所在培养单位出具相关证明，或有一年及以上担任专兼职辅导员经历（需由学校学工部门出具证明））,,省直属,"1.女性；
2.中共正式党员；
3.大学期间有担任过主要学生干部的经历（大学期间有担任过主要学生干部的经历：指本科、研究生学习期间担任班长、团支书、学生党支部书记（教师担任书记的，可以为副书记），校（院）学生会、研究生会主席团成员/校（院）团委副书记，校（院）学生会、研究生会、团委部门部长（不含副部长）等主要学生干部经历一年及以上，需由所在培养单位出具相关证明，或有一年及以上担任专兼职辅导员经历（需由学校学工部门出具证明））。",,"0574-87600100
0574-87600288",
62,2026-h2,杭州,浙江工商大学,行政管理岗,主要负责职能部门或二级学院综合管理类工作。,管理 九级以下,4,不限,硕士研究生以上,硕士以上,,,哲学（01），经济学（02），法学（03），教育学（04），文学（05），历史学（06），理学（07）、工学（08）、管理学（12）,38周岁以下,,,,,,笔试+面试,,,,,省直属,普通高校应届毕业生及留学人员取得学历学位证书（含境外学历学位认证书）的时限为2026年12月底前。,普通高校应届毕业生及留学人员取得学历学位证书（含境外学历学位认证书）的时限为2026年12月底前,"0571-28877287、
0571-28877288",
63,2026-h2,杭州,中国计量大学,行政管理1,从事行政管理相关工作。,管理 七级以下,5,应届毕业生,硕士研究生以上,硕士以上,,,不限,38周岁以下,,,,,中共党员（含中共预备党员）,笔试+面试,,,2027年1月20日前正式入职,,省直属,"1.中共党员（含中共预备党员）；
2.应届毕业生取得学历、学位证书（含国（境）外学历、学位认证书）的时限为2026年12月31日前；
3.2027年1月20日前正式入职；
4.具有良好的综合文字、计算机操作和组织协调能力，服务意识强。",应届毕业生取得学历、学位证书（含国（境）外学历、学位认证书）的时限为2026年12月31日前；具有良好的综合文字、计算机操作和组织协调能力，服务意识强,0571-87676133,
64,2026-h2,杭州,中国计量大学,行政管理2,从事职能部门或学院综合管理类工作。,管理 七级以下,4,应届毕业生,硕士研究生以上,硕士以上,,,不限,38周岁以下,,,,,,笔试+面试,,,2027年1月20日前正式入职,,省直属,"1.应届毕业生取得学历、学位证书（含国（境）外学历、学位认证书）的时限为2026年12月31日前；
2.2027年1月20日前正式入职；
3.具有良好的综合文字、计算机操作和组织协调能力，服务意识强。",应届毕业生取得学历、学位证书（含国（境）外学历、学位认证书）的时限为2026年12月31日前；具有良好的综合文字、计算机操作和组织协调能力，服务意识强,0571-87676133,
65,2026-h2,杭州,中国计量大学,情报分析与学科服务,从事学科分析、情报支持体系建设工作。,专业技术 十级以下,1,不限,博士研究生,博士,,,图书馆学（120501）、情报学（120502）,38周岁以下,,,,,,笔试+面试,,,2027年1月20日前正式入职；具备扎实的图书情报专业知识与技能，研究与创新能力突出，熟悉学科信息资源；熟练掌握文献计量分析方法，能够运用专业分析工具开展数据统计与可视化工作,,省直属,"1.应届毕业生取得学历、学位证书（含国（境）外学历、学位认证书）的时限为2026年12月31日前；
2.2027年1月20日前正式入职；
3.具备扎实的图书情报专业知识与技能，研究与创新能力突出，熟悉学科信息资源；
4.熟练掌握文献计量分析方法，能够运用专业分析工具开展数据统计与可视化工作；
5.文字功底扎实，具备较强英文文献研读与综合应用能力。",应届毕业生取得学历、学位证书（含国（境）外学历、学位认证书）的时限为2026年12月31日前；文字功底扎实，具备较强英文文献研读与综合应用能力,0571-87676133,
66,2026-h2,舟山,浙江海洋大学,宣传部干事,主要从事理论教育、宣传与意识形态管理工作。,管理 九级以下,1,不限,硕士研究生以上,硕士以上,,,政治学、马克思主义理论、中共党史党建学、教育学（一级学科）、中国语言文学、网络空间安全、国家安全学。,38周岁以下,,,,,中共党员,笔试+面试,,,,,省直属,中共党员,,"0580-2550017
0580-2558025",
67,2026-h2,杭州,浙江财经大学,辅导员,主要从事留学生管理等工作，需要入住学生公寓。,专业技术 十级以下,1,不限,硕士研究生以上,硕士以上,,,不限,38周岁以下,,,,,中共党员（含中共预备党员）,笔试+面试,,,要求为男性；具有较强的英语听、说、读、写、译能力，英语专业八级或雅思6.5分或托福90分或大学英语六级500分及以上,,省直属,"1.中共党员（含中共预备党员）；
2.要求为男性；
3.本科或研究生阶段曾担任校、院（系）学生干部，具有较强的组织协调和沟通能力；
4.能够遵照学校安排入住学生公寓并完成值班工作；
5.具有较强的英语听、说、读、写、译能力，英语专业八级或雅思6.5分或托福90分或大学英语六级500分及以上。
6.应届毕业生和留学人员取得学历、学位证书（含境外学历、学位认证书）的时限要求为2027年2月28日前。",本科或研究生阶段曾担任校、院（系）学生干部，具有较强的组织协调和沟通能力；能够遵照学校安排入住学生公寓并完成值班工作；应届毕业生和留学人员取得学历、学位证书（含境外学历、学位认证书）的时限要求为2027年2月28日前,0571-87557384,面试含英语能力评价。
68,2026-h2,杭州,浙江财经大学,科技管理,主要负责科技类项目申报管理；负责各类专利申请，科技成果转化管理。,管理 七级以下,1,不限,博士研究生,博士,,,数学、物理学、信息与通信工程、软件工程（0835）、电子信息、计算机科学与技术、安全科学与工程、智能科学与技术、电子科学与技术、网络空间安全、系统科学,38周岁以下,,,,,,笔试+面试,,,,,省直属,"1.具有良好的政治素质、道德水平和团队合作精神；
2.具有较强的文字表达能力、组织协调和沟通能力，能承受工作压力；
3.熟练掌握各类办公软件，具有较强的计算机操作和信息系统维护能力；
4.应届毕业生和留学人员取得学历、学位证书（含境外学历、学位认证书）的时限要求为2027年2月28日前。",具有良好的政治素质、道德水平和团队合作精神；具有较强的文字表达能力、组织协调和沟通能力，能承受工作压力；熟练掌握各类办公软件，具有较强的计算机操作和信息系统维护能力；应届毕业生和留学人员取得学历、学位证书（含境外学历、学位认证书）的时限要求为2027年2月28日前,0571-87557384,面试含业务能力评价。
69,2026-h2,杭州,浙江外国语学院,纪检监察员岗,主要从事学校纪检监察工作。,管理 七级以下,1,应届毕业生,硕士研究生以上,硕士以上,,,法学（0301）、法律（法学）（035102）、纪检监察学（0308）,38周岁以下,,,,,中共正式党员,笔试+面试,,,具有较好的综合文字能力,,省直属,"1.中共正式党员；
2.具有良好的政治素质，思想品行端正，身心健康，具有较强的责任心、团队合作能力、组织管理和沟通协调能力；
3.具有较高的政治素质、理论素养、组织纪律性和保密意识；
4.具有较好的综合文字能力；
5.应聘者取得学历学位证书的时限为2026年10月底前。",具有良好的政治素质，思想品行端正，身心健康，具有较强的责任心、团队合作能力、组织管理和沟通协调能力；具有较高的政治素质、理论素养、组织纪律性和保密意识；应聘者取得学历学位证书的时限为2026年10月底前,0571-88213021,
70,2026-h2,杭州,浙江外国语学院,专职心理健康教育教师岗,负责开展学生心理健康教育、心理咨询与心理危机干预相关工作。,专业技术 十级以下,1,不限,硕士研究生以上,硕士以上,,,心理学（0402）、应用心理（0454）,38周岁以下,,,,,中共党员（含预备党员）,笔试+面试,,,本、硕阶段均要求为心理学相关专业,,省直属,"1.中共党员（含预备党员）； 
2.具有良好的政治素质，思想品行端正，身心健康，具有较强的责任心、团队合作能力、组织管理和沟通协调能力；
3.本、硕阶段均要求为心理学相关专业； 
4.熟悉并热爱心理健康教育工作，具有较好的心理咨询及危机干预基本技能；
5.具有中国心理学会临床心理学注册工作委员会注册心理师或具有国家心理咨询师（二级）职业资格等相关资格优先，具有心理健康教育或心理咨询相关工作经历优先；
6.大学（包括本科或研究生）期间有担任主要学生干部经历者优先（指班长、团支书或校、院两级学生会、社团等学生组织部门负责人及以上任职经历）；
7.应届毕业生取得学历学位证书的时限为2026年10月底前。",具有良好的政治素质，思想品行端正，身心健康，具有较强的责任心、团队合作能力、组织管理和沟通协调能力；熟悉并热爱心理健康教育工作，具有较好的心理咨询及危机干预基本技能；具有中国心理学会临床心理学注册工作委员会注册心理师或具有国家心理咨询师（二级）职业资格等相关资格优先，具有心理健康教育或心理咨询相关工作经历优先；大学（包括本科或研究生）期间有担任主要学生干部经历者优先（指班长、团支书或校、院两级学生会、社团等学生组织部门负责人及以上任职经历）；应届毕业生取得学历学位证书的时限为2026年10月底前,0571-88213021,
71,2026-h2,杭州,浙江外国语学院,就业岗,承担毕业生就业手续办理、数据统计、就业平台运维相关工作，推进访企拓岗、校园招聘、毕业生跟踪调查、就业基地建设、就业评优考核等相关业务。,专业技术 十级以下,1,不限,硕士研究生以上,硕士以上,,,不限,38周岁以下,,,,,中共党员（含预备党员）,笔试+面试,,,,,省直属,"1.中共党员（含预备党员）；
2.具有良好的政治素质，思想品行端正，身心健康，具有较强的责任心、团队合作能力、组织管理和沟通协调能力；
3.熟悉并热爱毕业生就业工作；
4.大学（包括本科或研究生）期间有担任主要学生干部经历者优先（指班长、团支书或校、院两级学生会、社团等学生组织部门负责人及以上任职经历）；
5.应届毕业生取得学历学位证书的时限为2026年10月底前。",具有良好的政治素质，思想品行端正，身心健康，具有较强的责任心、团队合作能力、组织管理和沟通协调能力；熟悉并热爱毕业生就业工作；大学（包括本科或研究生）期间有担任主要学生干部经历者优先（指班长、团支书或校、院两级学生会、社团等学生组织部门负责人及以上任职经历）；应届毕业生取得学历学位证书的时限为2026年10月底前,0571-88213021,
72,2026-h2,杭州,浙江外国语学院,实践教学岗,负责全校实践教学建设与管理，推进实践教学数字化改革，承担实习实训、学科竞赛、产教融合、毕业论文管理等相关工作。,管理 七级以下,1,不限,硕士研究生以上,硕士以上,,,应用统计（0252）、统计学（0714）、计算机科学与技术（0775、0812）、软件工程（0835）、电子信息（0854，计算机技术、软件工程、人工智能、大数据技术与工程方向） 、智能科学与技术（1405）,38周岁以下,,,,,,笔试+面试,,,,,省直属,"1.具有良好的政治素质，思想品行端正，身心健康，具有较强的责任心、团队合作能力、组织管理和沟通协调能力； 
2.应届毕业生取得学历学位证书的时限为2026年10月底前。",具有良好的政治素质，思想品行端正，身心健康，具有较强的责任心、团队合作能力、组织管理和沟通协调能力；应届毕业生取得学历学位证书的时限为2026年10月底前,0571-88213021,
73,2026-h2,杭州,浙江外国语学院,出纳岗,从事出纳工作。,专业技术 十级以下,1,不限,硕士研究生以上,硕士以上,,,工商管理学（1202，会计学、财务管理方向）、会计（1253）、审计（1257）,38周岁以下,,,,,,笔试+面试,,,本、硕阶段均要求为会计学、财务管理、审计等相关专业,,省直属,"1.具有良好的政治素质，思想品行端正，身心健康，具有较强的责任心、团队合作能力、组织管理和沟通协调能力；
2.本、硕阶段均要求为会计学、财务管理、审计等相关专业；
3.具备财务实务经验或中级以上会计专业技术资格者优先；
4.应届毕业生取得学历学位证书的时限为2026年10月底前。",具有良好的政治素质，思想品行端正，身心健康，具有较强的责任心、团队合作能力、组织管理和沟通协调能力；具备财务实务经验或中级以上会计专业技术资格者优先；应届毕业生取得学历学位证书的时限为2026年10月底前,0571-88213021,
74,2026-h2,杭州,浙江外国语学院,专职教学秘书岗,负责日常教学运行、教学计划落实、教学项目申报及教师发展等工作。组织实习实训等实践教学，做好教材选用审核等。,管理 七级以下,1,不限,硕士研究生以上,硕士以上,,,应用统计（0252）、统计学（0714）、管理学（12）,38周岁以下,,,,,,笔试+面试,,,具备统计、数据整理与监测的能力，组织学生实习实训与创新创业的能力,,省直属,"1.具有良好的政治素质，思想品行端正，身心健康，具有较强的责任心、团队合作能力、组织管理和沟通协调能力；
2.具备统计、数据整理与监测的能力，组织学生实习实训与创新创业的能力；
3.具备经管类专业相关的工作经验者优先；
4.国际化视野开阔，具备一定的英文水平，有海外留学背景优先；
5.应届毕业生取得学历学位证书的时限为2026年10月底前。",具有良好的政治素质，思想品行端正，身心健康，具有较强的责任心、团队合作能力、组织管理和沟通协调能力；具备经管类专业相关的工作经验者优先；国际化视野开阔，具备一定的英文水平，有海外留学背景优先；应届毕业生取得学历学位证书的时限为2026年10月底前,0571-88213021,
75,2026-h2,宁波,浙江万里学院,辅导员,从事高校大学生思想政治教育和学生事务日常管理工作，需入住学生公寓。,专业技术 十级以下,2,不限,硕士研究生以上,硕士以上,,,不限,38周岁以下,,3年以上工作经历,,,中共正式党员,笔试+面试,,,须在2027年2月28日前正式入职,,省直属,"1.中共正式党员；
2.服从学校多校区工作安排；
3.须在2027年2月28日前正式入职。",服从学校多校区工作安排,0574-88226369,
76,2026-h2,宁波,浙江万里学院,行政管理岗,从事高校教学科研等日常管理工作。,管理 七级以下,2,不限,硕士研究生以上,硕士以上,,,不限,38周岁以下,,3年以上工作经历,,,,笔试+面试,,,能在2027年2月28日前正式入职,,省直属,"1.具有良好的政治素质，思想品行端正，身心健康，具有较强的责任心、团队合作能力、组织管理和沟通协调能力；
2.具有较强的文字功底，能够熟练掌握各类办公软件，具有良好的服务意识；
3.服从学校多校区工作安排；
4.能在2027年2月28日前正式入职。",具有良好的政治素质，思想品行端正，身心健康，具有较强的责任心、团队合作能力、组织管理和沟通协调能力；具有较强的文字功底，能够熟练掌握各类办公软件，具有良好的服务意识；服从学校多校区工作安排,0574-88226369,
77,2026-h2,杭州,浙江树人学院,理论宣传岗,"主要从事单位新闻宣传有关的各项工作。
工作地点为杭州拱宸桥校区或绍兴杨汛桥校区。",专业技术 十级以下,1,不限,硕士研究生以上,硕士以上,,,中国语言文学、新闻传播学、新闻与传播、马克思主义理论、高等教育学,38周岁以下,,具有一年以上的宣传工作经历（不含实习）。,,,中共正式党员,笔试+面试,,,,,省直属,"1.中共正式党员；
2.应届毕业生取得学历学位证书的时限为2026年12月底前。",应届毕业生取得学历学位证书的时限为2026年12月底前,0571-88285816,
78,2026-h2,杭州,浙江树人学院,辅导员（男）,"从事思政辅导员工作。需要入住男生公寓3年。
工作地点为杭州拱宸桥校区或绍兴杨汛桥校区。",专业技术 十级以下,2,不限,硕士研究生以上,硕士以上,,,法学、教育学、工学、医学、农学、管理学、艺术学,38周岁以下,,,,,中共正式党员,笔试+面试,,,在本科或研究生阶段有学生干部任职经历,,省直属,"1.中共正式党员；
2.在本科或研究生阶段有学生干部任职经历；                        
3.应届毕业生取得学历学位证书的时限为2026年12月底前。",应届毕业生取得学历学位证书的时限为2026年12月底前,0571-88285816,
79,2026-h2,杭州,浙江树人学院,辅导员（女）,"从事思政辅导员工作。需要入住女生公寓3年。
工作地点为杭州拱宸桥校区或绍兴杨汛桥校区。",专业技术 十级以下,2,不限,硕士研究生以上,硕士以上,,,法学、教育学、工学、医学、农学、管理学、艺术学,38周岁以下,,,,,中共正式党员,笔试+面试,,,在本科或研究生阶段有学生干部任职经历,,省直属,"1.中共正式党员；
2.在本科或研究生阶段有学生干部任职经历；                        
3.应届毕业生取得学历学位证书的时限为2026年12月底前。",应届毕业生取得学历学位证书的时限为2026年12月底前,0571-88285816,
80,2026-h2,杭州,浙江树人学院,教学秘书（临床医学）,"主要从事临床阶段教学管理。
工作地点在附属医院。",管理 九级以下,2,不限,硕士研究生以上,硕士以上,,,医学,38周岁以下,,,,,,笔试+面试,,,,,省直属,"1.具备良好的文书能力和沟通协调能力；
2.工作认真、责任心强、执行力好，具有良好抗压能力；
3.应届毕业生取得学历学位证书的时限为2026年12月底前。",具备良好的文书能力和沟通协调能力；工作认真、责任心强、执行力好，具有良好抗压能力；应届毕业生取得学历学位证书的时限为2026年12月底前,0571-88285816,
81,2026-h2,杭州,浙江音乐学院,研究生招生管理,负责研究生招生以及日常综合管理等工作。,管理 七级以下,1,不限,博士研究生,博士,,,教育学0401、艺术学1301（限音乐、舞蹈历史、理论和评论研究方向）、音乐1352、舞蹈1353,38周岁以下,,,,,中共党员（含预备党员）,笔试+面试,,,,,省直属,"1.中共党员（含预备党员）；
2.具有较强的组织协调、文字表达和沟通能力； 
3.具有较强的计算机操作能力,能熟练使用办公软件；
4.应届毕业生和留学归国人员取得学历、学位证书（含学历、学位认证书）的时限要求为2026年12月31日前。",具有较强的组织协调、文字表达和沟通能力；具有较强的计算机操作能力，能熟练使用办公软件；应届毕业生和留学归国人员取得学历、学位证书（含学历、学位认证书）的时限要求为2026年12月31日前,"0571-89808066
0571-89808065",
82,2026-h2,杭州,浙江音乐学院,二级教学单位秘书,负责教学管理以及日常综合管理等工作。,管理 七级以下,1,不限,博士研究生,博士,,,教育学0401、艺术学1301（限音乐、舞蹈历史、理论和评论研究方向）、音乐1352、舞蹈1353,38周岁以下,,,,,,笔试+面试,,,,,省直属,"1.具有较强的组织协调、文字表达和沟通能力；
2.应届毕业生和留学归国人员取得学历、学位证书（含学历、学位认证书）的时限要求为2026年12月31日前。",具有较强的组织协调、文字表达和沟通能力；应届毕业生和留学归国人员取得学历、学位证书（含学历、学位认证书）的时限要求为2026年12月31日前,"邵老师：0571-89808066
陈老师：0571-89808065",
83,2026-h2,宁波,浙江药科职业大学,宣传部宣传干事岗,从事学校融媒体管理、校园文化建设和内外宣等工作。,专业技术 十级以下,1,不限,硕士研究生以上,硕士以上,,,法学（一级学科）、中国语言文学、新闻传播学,38周岁以下,,具有2年宣传工作经历。,,,中共党员,笔试+面试,,,,,省直属,"1.中共党员；
2.普通高校应届毕业生及留学归国人员取得学历、学位证书（含学历、学位认证书）的时限要求为2026年12月底前。",普通高校应届毕业生及留学归国人员取得学历、学位证书（含学历、学位认证书）的时限要求为2026年12月底前,龚老师：0574-88847823,
84,2026-h2,宁波,浙江药科职业大学,人事处劳资管理岗,从事薪酬体系管理、薪酬数据统计分析、社会保险事项办理等。,专业技术 十级以下,1,不限,硕士研究生以上,硕士以上,,,统计学、会计学、金融学、企业管理（人力资源管理）、审计,38周岁以下,,,,,中共党员,笔试+面试,,,,,省直属,"1.中共党员；
2.普通高校应届毕业生及留学归国人员取得学历、学位证书（含学历、学位认证书）的时限要求为2026年12月底前。",普通高校应届毕业生及留学归国人员取得学历、学位证书（含学历、学位认证书）的时限要求为2026年12月底前,夏老师：0574-88832029,
85,2026-h2,宁波,浙江药科职业大学,男辅导员,从事思政辅导员工作。需要入住男生公寓。,专业技术 十级以下,3,不限,硕士研究生以上,硕士以上,,,专业不限,38周岁以下,,,,,中共党员,笔试+面试,,,在本科或研究生阶段有不少于1年的主要学生干部任职经历,,省直属,"1.中共党员；
2.在本科或研究生阶段有不少于1年的主要学生干部任职经历；
3.普通高校应届毕业生及留学归国人员取得学历、学位证书（含学历、学位认证书）的时限要求为2026年12月底前。",普通高校应届毕业生及留学归国人员取得学历、学位证书（含学历、学位认证书）的时限要求为2026年12月底前,俞老师：0574-88839345,
86,2026-h2,宁波,浙江药科职业大学,女辅导员,从事思政辅导员工作。需要入住女生公寓。,专业技术 十级以下,2,不限,硕士研究生以上,硕士以上,,,专业不限,38周岁以下,,,,,中共党员,笔试+面试,,,在本科或研究生阶段有不少于1年的主要学生干部任职经历,,省直属,"1.中共党员；
2.在本科或研究生阶段有不少于1年的主要学生干部任职经历；
3.普通高校应届毕业生及留学归国人员取得学历、学位证书（含学历、学位认证书）的时限要求为2026年12月底前。",普通高校应届毕业生及留学归国人员取得学历、学位证书（含学历、学位认证书）的时限要求为2026年12月底前,俞老师：0574-88839345,
87,2026-h2,宁波,浙江工商职业技术学院,男辅导员1,从事学生管理、学生思想政治教育及相关工作，服从学校对工作地的安排，入住男生公寓。,专业技术 十级以下,3,不限,硕士研究生以上,硕士以上,,,不限,38周岁以下,,,,,中共党员（含预备党员）,笔试+面试,,,男性；在本科或研究生阶段有不少于1年的主要学生干部任职经历，或研究生阶段有不少于1年的兼职辅导员的经历，或有1年及以上高校工作经历,,省直属,"1.男性；
2.中共党员（含预备党员）；
3.在本科或研究生阶段有不少于1年的主要学生干部任职经历，或研究生阶段有不少于1年的兼职辅导员的经历，或有1年及以上高校工作经历。",,0574-87422350,
88,2026-h2,宁波,浙江工商职业技术学院,男辅导员2,从事学生管理、学生思想政治教育及相关工作，服从学校对工作地的安排，入住男生公寓。,专业技术 十级以下,1,不限,硕士研究生以上,硕士以上,,,"心理学
、应用心理",38周岁以下,,,,,中共党员（含预备党员）,笔试+面试,,,男性；在本科或研究生阶段有不少于1年的主要学生干部任职经历，或研究生阶段有不少于1年的兼职辅导员的经历，或有1年及以上高校工作经历,,省直属,"1.男性；
2.中共党员（含预备党员）；
3.在本科或研究生阶段有不少于1年的主要学生干部任职经历，或研究生阶段有不少于1年的兼职辅导员的经历，或有1年及以上高校工作经历。",,0574-87422350,
89,2026-h2,宁波,浙江工商职业技术学院,女辅导员3,从事学生管理、学生思想政治教育及相关工作，服从学校对工作地的安排，入住女生公寓。,专业技术 十级以下,4,不限,硕士研究生以上,硕士以上,,,不限,38周岁以下,,,,,中共党员（含预备党员）,笔试+面试,,,女性；在本科或研究生阶段有不少于1年的主要学生干部任职经历，或研究生阶段有不少于1年的兼职辅导员的经历，或有1年及以上高校工作经历,,省直属,"1.女性；
2.中共党员（含预备党员）；
3.在本科或研究生阶段有不少于1年的主要学生干部任职经历，或研究生阶段有不少于1年的兼职辅导员的经历，或有1年及以上高校工作经历。",,0574-87422350,
90,2026-h2,宁波,浙江工商职业技术学院,纪检员,从事纪检监督及相关工作。,专业技术 十级以下,1,不限,硕士研究生以上,硕士以上,,,不限,38周岁以下,,"3年以上纪检
相关工作经历",,,中共党员（含预备党员）,笔试+面试,,,,,省直属,中共党员（含预备党员）。,,0574-87422350,
91,2026-h2,杭州,浙江金融职业学院,会计学院教学秘书,"主要从事教学管理、行政文秘等工作。
工作地点：杭州校区、绍兴校区",管理 九级以下,1,不限,硕士研究生以上,硕士以上,,,经济学；工商管理学,38周岁以下,,,,,,笔试+面试,,,,,省直属,"1.品行端正，热爱教育事业;有责任心、奉献精神和团队合作精神；
2.具有较强的文字功底、组织和沟通协调能力；
3.熟练掌握各类办公软件，具有良好的服务意识；
4.有行政管理相关工作经验者优先考虑；
5.服从学校双校区工作安排。
6.应届毕业生取得学历学位证书的时限为2027年3月底前。",品行端正，热爱教育事业；有责任心、奉献精神和团队合作精神；具有较强的文字功底、组织和沟通协调能力；熟练掌握各类办公软件，具有良好的服务意识；有行政管理相关工作经验者优先考虑；服从学校双校区工作安排；应届毕业生取得学历学位证书的时限为2027年3月底前,0571-86739211,
92,2026-h2,杭州,浙江金融职业学院,人文艺术学院教学秘书,"主要从事教学管理、行政文秘等工作。
工作地点：杭州校区、绍兴校区",管理 九级以下,1,不限,硕士研究生以上,硕士以上,,,法学（03）、教育学（04）；工商管理学、公共管理学、新闻传播学、计算机科学与技术,38周岁以下,,,,,,笔试+面试,,,,,省直属,"1.品行端正，热爱教育事业;有责任心、奉献精神和团队合作精神；
2.具有较强的文字功底、组织和沟通协调能力；
3.熟练掌握各类办公软件，具有良好的服务意识；
4.有行政管理相关工作经验者优先考虑；
5.服从学校双校区工作安排。
6.应届毕业生取得学历学位证书的时限为2027年3月底前。",品行端正，热爱教育事业；有责任心、奉献精神和团队合作精神；具有较强的文字功底、组织和沟通协调能力；熟练掌握各类办公软件，具有良好的服务意识；有行政管理相关工作经验者优先考虑；服从学校双校区工作安排；应届毕业生取得学历学位证书的时限为2027年3月底前,0571-86739211,
93,2026-h2,杭州,浙江金融职业学院,普惠性人力资本提升学院行政助理,"主要从事社会培训项目管理、日常行政办公等工作。
工作地点：绍兴校区",管理 九级以下,1,不限,硕士研究生以上,硕士以上,,,法学（03）、教育学（04）、文学（05）；工商管理学、公共管理学、新闻传播学、计算机科学与技术,38周岁以下,,,,,,笔试+面试,,,,,省直属,"1.品行端正，热爱教育事业;有责任心、奉献精神和团队合作精神；
2.具有较强的文字功底、组织和沟通协调能力；
3.熟练掌握各类办公软件，具有良好的服务意识；
4.有行政管理相关工作经验者优先考虑；
5.常驻绍兴校区，服从双校区工作安排。
6.应届毕业生取得学历学位证书的时限为2027年3月底前。",品行端正，热爱教育事业；有责任心、奉献精神和团队合作精神；具有较强的文字功底、组织和沟通协调能力；熟练掌握各类办公软件，具有良好的服务意识；有行政管理相关工作经验者优先考虑；常驻绍兴校区，服从双校区工作安排；应届毕业生取得学历学位证书的时限为2027年3月底前,0571-86739211,
94,2026-h2,绍兴,浙江工业职业技术学院,辅导员（男）1,从事学生思政教育与日常管理服务工作。,专业技术 十级以下,1,不限,硕士研究生以上,硕士以上,,,不限,38周岁以下,,具有主要学生干部（学生管理）工作经历,,,中共党员（含中共预备党员）,笔试+面试,,,“主要学生干部（学生管理）”工作经历是指本科或研究生就读期间担任下列学生干部一年及以上：担任省、设区市学联主席团成员；担任校院两级学生组织（含社团）副部长及以上学生干部；担任班长、团支书、学生党支部书记(教师担任书记的，可以为副书记)；普通高校毕业生需在2026年8月31日前取得岗位要求的学历、学位证书（含教育部留服中心学历学位认证书）,,省直属,"1.中共党员（含中共预备党员）。
2.需按要求轮流入住男生公寓值班。                     
3.具有主要学生干部（学生管理）工作经历。“主要学生干部（学生管理）”工作经历是指本科或研究生就读期间担任下列学生干部一年及以上：担任省、设区市学联主席团成员；担任校院两级学生组织（含社团）副部长及以上学生干部；担任班长、团支书、学生党支部书记(教师担任书记的，可以为副书记)。
4.普通高校毕业生需在2026年8月31日前取得岗位要求的学历、学位证书（含教育部留服中心学历学位认证书）。",需按要求轮流入住男生公寓值班,张老师：0575-88009060,
95,2026-h2,绍兴,浙江工业职业技术学院,辅导员（男）2,从事学生思政教育与日常管理服务工作。,专业技术 十级以下,1,不限,硕士研究生以上,硕士以上,,,不限,38周岁以下,,具有主要学生干部（学生管理）工作经历,,,中共党员（含中共预备党员）,笔试+面试,,,因需要管理留学生班级，要求获高等学校英语专业八级（TEM-8）合格证书，或雅思成绩6.5分及以上，或托福成绩90分及以上；“主要学生干部（学生管理）”工作经历是指本科或研究生就读期间担任下列学生干部一年及以上：担任省、设区市学联主席团成员；担任校院两级学生组织（含社团）副部长及以上学生干部；担任班长、团支书、学生党支部书记(教师担任书记的，可以为副书记)；普通高校毕业生需在2026年8月31日前取得岗位要求的学历、学位证书（含教育部留服中心学历学位认证书）,,省直属,"1.中共党员（含中共预备党员）。
2.因需要管理留学生班级，要求获高等学校英语专业八级（TEM-8）合格证书，或雅思成绩6.5分及以上，或托福成绩90分及以上。
3.需按要求轮流入住男生公寓值班。                    
4.具有主要学生干部（学生管理）工作经历。“主要学生干部（学生管理）”工作经历是指本科或研究生就读期间担任下列学生干部一年及以上：担任省、设区市学联主席团成员；担任校院两级学生组织（含社团）副部长及以上学生干部；担任班长、团支书、学生党支部书记(教师担任书记的，可以为副书记)。
5.普通高校毕业生需在2026年8月31日前取得岗位要求的学历、学位证书（含教育部留服中心学历学位认证书）。",需按要求轮流入住男生公寓值班,张老师：0575-88009060,
96,2026-h2,杭州,浙江同济科技职业学院,专职辅导员（女）,从事思政辅导员工作。,专业技术 十级以下,1,不限,硕士研究生以上,硕士以上,,,马克思主义理论0305、教育学0401、教育0451、心理学0402、应用心理0454、外国语言文学0502（限俄语语言文学050202）、工学08、音乐1352、舞蹈1353、戏剧与影视1354、戏曲与曲艺1355、美术与书法1356,38周岁以下,,,,,中共党员（含预备党员）,笔试+面试,,,主要从事留学生教育管理等工作；需入住女生公寓，限女性,,省直属,"1.中共党员（含预备党员）；
2.主要从事留学生教育管理等工作；
3.需入住女生公寓，限女性。",,0571-83863050,
97,2026-h2,杭州,浙江同济科技职业学院,专职辅导员（男）,从事思政辅导员工作。,专业技术 十级以下,1,不限,硕士研究生以上,硕士以上,,,马克思主义理论0305、教育学0401、教育0451、心理学0402、应用心理0454、外国语言文学0502（限俄语语言文学050202）、工学08、音乐1352、舞蹈1353、戏剧与影视1354、戏曲与曲艺1355、美术与书法1356,38周岁以下,,,,,中共党员（含预备党员）,笔试+面试,,,主要从事留学生教育管理等工作；需入住男生公寓，限男性,,省直属,"1.中共党员（含预备党员）；
2.主要从事留学生教育管理等工作；
3.需入住男生公寓，限男性。",,0571-83863050,
98,2026-h2,绍兴,浙江农业商贸职业学院,辅导员1,"负责二级学院学生心理健康教育、思政教育和日常管理工作。需按要求入住对应学生公寓；
工作地点:绍兴(越城校区)。",专业技术 十级以下,2,不限,硕士研究生以上,硕士以上,,,心理学,38周岁以下,,,,,中共党员（含中共预备党员）,笔试+面试,,,男女不限，需按要求入住对应学生公寓；2027年起工作地点为嵊州,,省直属,"1.中共党员（含中共预备党员）
2.男女不限，需按要求入住对应学生公寓；
3.具有校、院学生会干部经历者优先；
4.2027年起工作地点为嵊州。",具有校、院学生会干部经历者优先,"陈老师：
0575-88378065",
99,2026-h2,绍兴,浙江农业商贸职业学院,辅导员2,"负责二级学院学生思政教育和日常管理工作。需按要求入住男生公寓；
工作地点:绍兴(越城校区)。",专业技术 十级以下,1,不限,硕士研究生以上,硕士以上,,,不限,38周岁以下,,,,,中共党员（含中共预备党员）,笔试+面试,,,男性，需按要求入住男生公寓；2027年起工作地点为嵊州,,省直属,"1.中共党员（含中共预备党员）
2.男性，需按要求入住男生公寓；
3.具有校、院学生会干部经历者优先；
4.2027年起工作地点为嵊州。",具有校、院学生会干部经历者优先,"陈老师：
0575-88378065",
100,2026-h2,杭州,浙江开放大学,辅导员(男）,主要从事学生思想政治教育工作，做好学生日常各类管理和服务工作，促进学生健康成长与全面发展。需要入住男生公寓。,专业技术 十级以下,1,应届毕业生,硕士研究生以上,硕士以上,,,不限,38周岁以下,,,,,中共党员（含预备党员）,笔试+面试,,,,,省直属,"1.中共党员（含预备党员）;
2.应届毕业生取得学历学位证书的时限为2027年3月底前。",应届毕业生取得学历学位证书的时限为2027年3月底前,0571-89913211,
101,2026-h2,杭州,浙江开放大学,辅导员（女）,主要从事学生思想政治教育工作，做好学生日常各类管理和服务工作，促进学生健康成长与全面发展。需要入住女生公寓。,专业技术 十级以下,1,应届毕业生,硕士研究生以上,硕士以上,,,不限,38周岁以下,,,,,中共党员（含预备党员）,笔试+面试,,,,,省直属,"1.中共党员（含预备党员）;
2.应届毕业生取得学历学位证书的时限为2027年3月底前。",应届毕业生取得学历学位证书的时限为2027年3月底前,0571-89913211,
102,2026-h2,义乌,浙江省机电技师学院,珠宝首饰设计与工艺类专业教师,从事教学工作。,专业技术 八级以下,2,不限,硕士研究生以上,硕士以上,,,设计学（工业设计、珠宝首饰设计方向）、地质学（宝石学、矿物学、结晶矿物学方向）、材料科学与工程（宝石处理优化方向）、机械（工业设计工程方向）,38周岁以下,,,,,,笔试+面试,,,,,浙江省机电集团有限公司,,,0579-85411772,面试含试讲。
103,2026-h2,义乌,浙江省机电技师学院,机械类专业教师,从事教学工作。,专业技术 八级以下,2,不限,硕士研究生以上,硕士以上,,,机械工程（智能制造、机电一体化、工业机器人、智能装备方向）、控制科学与工程（电气自动化、机电系统控制、电气控制、自动化与控制方向）,38周岁以下,,,,,,笔试+面试,,,,,浙江省机电集团有限公司,,,0579-85411772,面试含试讲。
104,2026-h2,义乌,浙江省机电技师学院,精密检测类专业教师,从事教学工作。,专业技术 八级以下,2,不限,硕士研究生以上,硕士以上,,,"仪器科学与技术（精密仪器及机械）
机械工程（精密检测、测控技术与仪器方向）
电子信息（仪器仪表工程、控制工程）",38周岁以下,,,,,,笔试+面试,,,,,浙江省机电集团有限公司,,,0579-85411772,面试含试讲。
105,2026-h2,义乌,浙江省机电技师学院,思政专业教师,从事教学工作。,专业技术 八级以下,1,不限,硕士研究生以上,硕士以上,,,马克思主义理论、哲学（马克思主义哲学）、社会学,38周岁以下,,,,,,笔试+面试,,,,,浙江省机电集团有限公司,,,0579-85411772,面试含试讲。
106,2026-h2,义乌,浙江省机电技师学院,服务类专业教师,从事教学工作。,专业技术 八级以下,2,不限,硕士研究生以上,硕士以上,,,公共管理学（公共政策、会展方向）、工商管理学（旅游会展管理与组织、会展经济与管理方向）,38周岁以下,,,,,,笔试+面试,,,,,浙江省机电集团有限公司,,,0579-85411772,面试含试讲。
